6.899999999999999467e-01,-1.300000000000000044e-01,6.899999999999999467e-01,3.521000000000000085e+01,-1.000000000000000021e-02,2.899999999999999800e-01
6.899999999999999467e-01,-1.700000000000000122e-01,6.899999999999999467e-01,3.521999999999999886e+01,-1.000000000000000056e-01,3.099999999999999978e-01
6.899999999999999467e-01,-2.200000000000000011e-01,6.899999999999999467e-01,3.510999999999999943e+01,0.000000000000000000e+00,1.799999999999999933e-01
6.700000000000000400e-01,-1.499999999999999944e-01,6.700000000000000400e-01,3.522999999999999687e+01,-4.000000000000000083e-02,2.200000000000000011e-01
6.800000000000000488e-01,-1.700000000000000122e-01,6.800000000000000488e-01,3.500000000000000000e+01,-4.000000000000000083e-02,2.099999999999999922e-01
6.400000000000000133e-01,-1.799999999999999933e-01,6.400000000000000133e-01,3.503000000000000114e+01,1.900000000000000022e-01,3.099999999999999978e-01
7.199999999999999734e-01,-1.799999999999999933e-01,7.199999999999999734e-01,3.507999999999999829e+01,-5.000000000000000278e-02,1.600000000000000033e-01
6.300000000000000044e-01,-1.000000000000000056e-01,6.300000000000000044e-01,3.513000000000000256e+01,-2.999999999999999889e-02,3.099999999999999978e-01
6.800000000000000488e-01,-1.900000000000000022e-01,6.800000000000000488e-01,3.504999999999999716e+01,-2.999999999999999889e-02,3.400000000000000244e-01
6.700000000000000400e-01,-1.600000000000000033e-01,6.700000000000000400e-01,3.506000000000000227e+01,1.400000000000000133e-01,2.300000000000000100e-01
6.300000000000000044e-01,-1.600000000000000033e-01,6.300000000000000044e-01,3.513000000000000256e+01,-1.100000000000000006e-01,2.200000000000000011e-01
7.199999999999999734e-01,-1.799999999999999933e-01,7.199999999999999734e-01,3.513000000000000256e+01,7.000000000000000666e-02,3.499999999999999778e-01
1.219999999999999973e+00,2.580000000000000071e+00,1.219999999999999973e+00,2.499900000000000091e+02,2.444000000000000128e+01,3.590999999999999659e+01
7.800000000000000266e-01,1.231000000000000050e+01,7.800000000000000266e-01,3.671000000000000085e+01,2.499900000000000091e+02,1.287199999999999989e+02
-9.899999999999999911e-01,8.779999999999999361e+00,-9.899999999999999911e-01,-8.970000000000000639e+00,-1.527599999999999909e+02,-1.379999999999999893e+00
-2.999999999999999889e-01,7.320000000000000284e+00,-2.999999999999999889e-01,9.380000000000000782e+00,1.346500000000000057e+02,-1.380900000000000034e+02
3.400000000000000244e-01,9.179999999999999716e+00,3.400000000000000244e-01,5.814999999999999858e+01,1.764099999999999966e+02,-1.519600000000000080e+02
1.540000000000000036e+00,1.124000000000000021e+01,1.540000000000000036e+00,9.525000000000000000e+01,9.859000000000000341e+01,2.127599999999999909e+02
-1.229999999999999982e+00,9.300000000000000711e+00,-1.229999999999999982e+00,-1.375699999999999932e+02,-1.141999999999999993e+01,-1.717000000000000171e+01
2.399999999999999911e-01,1.249000000000000021e+01,2.399999999999999911e-01,2.492800000000000011e+02,1.616999999999999886e+02,-1.893400000000000034e+02
5.600000000000000533e-01,9.660000000000000142e+00,5.600000000000000533e-01,2.231800000000000068e+02,2.201200000000000045e+02,-1.719999999999999973e+00
-3.800000000000000044e-01,1.751999999999999957e+01,-3.800000000000000044e-01,-2.500000000000000000e+02,-4.992999999999999972e+01,-3.457000000000000028e+01
5.699999999999999512e-01,6.379999999999999893e+00,5.699999999999999512e-01,-8.176000000000000512e+01,-3.834000000000000341e+01,-2.164999999999999858e+01
1.499999999999999944e-01,1.962000000000000099e+01,1.499999999999999944e-01,2.499900000000000091e+02,-1.909999999999999920e+00,-2.500000000000000000e+02
-3.099999999999999978e-01,5.610000000000000320e+00,-3.099999999999999978e-01,-2.108999999999999986e+01,2.149399999999999977e+02,3.831000000000000227e+01
-4.199999999999999845e-01,1.962000000000000099e+01,-4.199999999999999845e-01,-2.500000000000000000e+02,-2.378100000000000023e+02,-2.232000000000000028e+01
-2.000000000000000042e-02,4.059999999999999609e+00,-2.000000000000000042e-02,1.008400000000000034e+02,1.002800000000000011e+02,3.044999999999999929e+01
4.600000000000000200e-01,1.962000000000000099e+01,4.600000000000000200e-01,2.499900000000000091e+02,9.578000000000000114e+01,-2.500000000000000000e+02
-4.099999999999999756e-01,7.669999999999999929e+00,-4.099999999999999756e-01,-2.321299999999999955e+02,-1.536999999999999922e+01,-8.406000000000000227e+01
-1.100000000000000006e-01,1.787999999999999901e+01,-1.100000000000000006e-01,-2.500000000000000000e+02,-2.432199999999999989e+02,9.323999999999999488e+01
-4.500000000000000111e-01,7.040000000000000036e+00,-4.500000000000000111e-01,2.499900000000000091e+02,2.525000000000000000e+01,-2.696000000000000085e+01
4.600000000000000200e-01,1.633999999999999986e+01,4.600000000000000200e-01,2.499900000000000091e+02,2.499900000000000091e+02,-1.577100000000000080e+02
-1.100000000000000006e-01,1.322000000000000064e+01,-1.100000000000000006e-01,-2.500000000000000000e+02,-1.068100000000000023e+02,-1.236999999999999922e+01
-1.000000000000000021e-02,1.172000000000000064e+01,-1.000000000000000021e-02,-2.500000000000000000e+02,-7.848000000000000398e+01,2.996999999999999886e+01
-1.700000000000000122e-01,1.660000000000000142e+01,-1.700000000000000122e-01,2.499900000000000091e+02,2.357999999999999829e+01,-1.420900000000000034e+02
1.799999999999999933e-01,9.490000000000000213e+00,1.799999999999999933e-01,2.460800000000000125e+02,2.499900000000000091e+02,1.418499999999999943e+02
-1.250000000000000000e+00,1.962000000000000099e+01,-1.250000000000000000e+00,-5.950999999999999801e+01,-2.500000000000000000e+02,-2.500000000000000000e+02
1.110000000000000098e+00,6.599999999999999645e+00,1.110000000000000098e+00,-1.209699999999999989e+02,1.258199999999999932e+02,-2.071000000000000085e+01
8.399999999999999689e-01,1.962000000000000099e+01,8.399999999999999689e-01,2.499900000000000091e+02,8.409999999999999432e+01,6.434999999999999432e+01
-1.610000000000000098e+00,5.139999999999999680e+00,-1.610000000000000098e+00,-5.747999999999999687e+01,2.013499999999999943e+02,1.350000000000000089e+00
5.500000000000000444e-01,1.962000000000000099e+01,5.500000000000000444e-01,-2.500000000000000000e+02,-1.758700000000000045e+02,-2.500000000000000000e+02
1.360000000000000098e+00,1.810000000000000053e+00,1.360000000000000098e+00,8.176999999999999602e+01,3.185999999999999943e+01,-6.081000000000000227e+01
3.200000000000000067e-01,1.962000000000000099e+01,3.200000000000000067e-01,2.499900000000000091e+02,2.189699999999999989e+02,2.499900000000000091e+02
-1.050000000000000044e+00,5.179999999999999716e+00,-1.050000000000000044e+00,-1.033000000000000007e+01,6.519999999999999574e+00,-1.247600000000000051e+02
4.799999999999999822e-01,1.885000000000000142e+01,4.799999999999999822e-01,-2.500000000000000000e+02,-2.088400000000000034e+02,-2.500000000000000000e+02
8.599999999999999867e-01,5.280000000000000249e+00,8.599999999999999867e-01,2.499900000000000091e+02,4.625999999999999801e+01,6.695000000000000284e+01
6.800000000000000488e-01,1.687999999999999901e+01,6.800000000000000488e-01,2.499900000000000091e+02,2.499900000000000091e+02,1.913000000000000114e+02
-7.500000000000000000e-01,1.077999999999999936e+01,-7.500000000000000000e-01,-2.114999999999999858e+01,5.932000000000000028e+01,-2.500000000000000000e+02
1.260000000000000009e+00,1.350999999999999979e+01,1.260000000000000009e+00,-1.946699999999999875e+02,-2.500000000000000000e+02,-1.706399999999999864e+02
1.239999999999999991e+00,8.429999999999999716e+00,1.239999999999999991e+00,2.499900000000000091e+02,1.136599999999999966e+02,2.169799999999999898e+02
4.799999999999999822e-01,1.962000000000000099e+01,4.799999999999999822e-01,2.298400000000000034e+02,7.751000000000000512e+01,2.040900000000000034e+02
-3.099999999999999978e-01,1.084999999999999964e+01,-3.099999999999999978e-01,4.945000000000000284e+01,-8.979000000000000625e+01,-1.519300000000000068e+02
8.699999999999999956e-01,1.311999999999999922e+01,8.699999999999999956e-01,-9.221999999999999886e+01,1.863000000000000114e+02,-9.437000000000000455e+01
-1.499999999999999944e-01,1.166999999999999993e+01,-1.499999999999999944e-01,-1.780999999999999872e+01,1.262199999999999989e+02,-2.222700000000000102e+02
7.299999999999999822e-01,6.110000000000000320e+00,7.299999999999999822e-01,1.380800000000000125e+02,-1.126500000000000057e+02,-1.730000000000000071e+01
-8.000000000000000167e-02,1.762999999999999901e+01,-8.000000000000000167e-02,1.333199999999999932e+02,1.533100000000000023e+02,2.499900000000000091e+02
3.099999999999999978e-01,8.240000000000000213e+00,3.099999999999999978e-01,3.521999999999999886e+01,-1.911699999999999875e+02,1.409000000000000057e+02
1.499999999999999944e-01,6.610000000000000320e+00,1.499999999999999944e-01,3.814999999999999858e+01,2.499900000000000091e+02,-1.967500000000000000e+02
4.000000000000000222e-01,1.962000000000000099e+01,4.000000000000000222e-01,-3.759000000000000341e+01,-1.703300000000000125e+02,-2.500000000000000000e+02
5.699999999999999512e-01,6.099999999999999645e+00,5.699999999999999512e-01,-3.026999999999999957e+01,1.077500000000000000e+02,-1.556000000000000050e+01
-8.999999999999999667e-02,1.116000000000000014e+01,-8.999999999999999667e-02,1.189500000000000028e+02,-1.932899999999999920e+02,2.499900000000000091e+02
2.800000000000000266e-01,1.516000000000000014e+01,2.800000000000000266e-01,2.441000000000000014e+01,4.690999999999999659e+01,2.499900000000000091e+02
5.000000000000000278e-02,4.070000000000000284e+00,5.000000000000000278e-02,3.359999999999999876e+00,6.364000000000000057e+01,4.059999999999999609e+00
-2.099999999999999922e-01,1.581000000000000050e+01,-2.099999999999999922e-01,-6.510999999999999943e+01,-2.500000000000000000e+02,-2.086200000000000045e+02
6.700000000000000400e-01,1.128999999999999915e+01,6.700000000000000400e-01,-1.163700000000000045e+02,2.499900000000000091e+02,-2.500000000000000000e+02
6.800000000000000488e-01,6.570000000000000284e+00,6.800000000000000488e-01,2.393499999999999943e+02,-2.500000000000000000e+02,2.499900000000000091e+02
-3.599999999999999867e-01,1.590000000000000036e+01,-3.599999999999999867e-01,8.367000000000000171e+01,2.430699999999999932e+02,1.948000000000000114e+02
5.400000000000000355e-01,6.769999999999999574e+00,5.400000000000000355e-01,1.011999999999999922e+01,-1.259800000000000040e+02,-5.182999999999999829e+01
1.199999999999999956e-01,1.434999999999999964e+01,1.199999999999999956e-01,3.434000000000000341e+01,2.466999999999999886e+02,-2.500000000000000000e+02
2.800000000000000266e-01,1.422000000000000064e+01,2.800000000000000266e-01,-7.400000000000000000e+01,-1.409099999999999966e+02,-2.500000000000000000e+02
6.800000000000000488e-01,4.860000000000000320e+00,6.800000000000000488e-01,1.079099999999999966e+02,-4.147999999999999687e+01,4.739999999999999858e+01
1.700000000000000122e-01,1.882000000000000028e+01,1.700000000000000122e-01,1.989699999999999989e+02,1.250199999999999960e+02,2.499900000000000091e+02
2.000000000000000111e-01,8.869999999999999218e+00,2.000000000000000111e-01,5.299999999999999822e+00,-1.329600000000000080e+02,1.416100000000000136e+02
8.999999999999999667e-02,8.650000000000000355e+00,8.999999999999999667e-02,2.087999999999999901e+01,2.030200000000000102e+02,-2.264300000000000068e+02
4.400000000000000022e-01,1.962000000000000099e+01,4.400000000000000022e-01,-5.322999999999999687e+01,-9.485999999999999943e+01,-2.500000000000000000e+02
4.899999999999999911e-01,4.870000000000000107e+00,4.899999999999999911e-01,-3.660000000000000142e+00,-1.586999999999999922e+01,-2.030999999999999872e+01
4.099999999999999756e-01,1.607999999999999829e+01,4.099999999999999756e-01,1.414399999999999977e+02,1.398799999999999955e+02,2.499900000000000091e+02
-8.999999999999999667e-02,1.325999999999999979e+01,-8.999999999999999667e-02,2.916000000000000014e+01,-1.081299999999999955e+02,2.499900000000000091e+02
3.599999999999999867e-01,5.059999999999999609e+00,3.599999999999999867e-01,4.586999999999999744e+01,1.131299999999999955e+02,-5.564999999999999858e+01
2.999999999999999889e-02,1.539000000000000057e+01,2.999999999999999889e-02,5.871999999999999886e+01,-6.128999999999999915e+01,-2.500000000000000000e+02
6.800000000000000488e-01,9.570000000000000284e+00,6.800000000000000488e-01,-7.162000000000000455e+01,3.051999999999999957e+01,-1.587299999999999898e+02
4.299999999999999933e-01,8.330000000000000071e+00,4.299999999999999933e-01,1.165199999999999960e+02,-6.128000000000000114e+01,1.928199999999999932e+02
4.000000000000000083e-02,1.830999999999999872e+01,4.000000000000000083e-02,1.260199999999999960e+02,3.271000000000000085e+01,2.499900000000000091e+02
3.400000000000000244e-01,6.070000000000000284e+00,3.400000000000000244e-01,6.679999999999999716e+00,-1.452999999999999936e+01,8.456000000000000227e+01
-3.900000000000000133e-01,1.791000000000000014e+01,-3.900000000000000133e-01,8.809999999999999432e+01,9.106999999999999318e+01,-2.500000000000000000e+02
4.500000000000000111e-01,1.506000000000000050e+01,4.500000000000000111e-01,-3.677000000000000313e+01,-3.985999999999999943e+01,-2.173799999999999955e+02
4.500000000000000111e-01,5.330000000000000071e+00,4.500000000000000111e-01,9.681999999999999318e+01,-2.105000000000000071e+01,3.149999999999999911e+00
2.000000000000000111e-01,1.726999999999999957e+01,2.000000000000000111e-01,1.290500000000000114e+02,9.865000000000000568e+01,2.499900000000000091e+02
5.999999999999999778e-02,1.065000000000000036e+01,5.999999999999999778e-02,4.688000000000000256e+01,-1.401500000000000057e+02,1.654099999999999966e+02
7.000000000000000666e-02,7.500000000000000000e+00,7.000000000000000666e-02,3.603000000000000114e+01,2.065099999999999909e+02,-1.467100000000000080e+02
3.200000000000000067e-01,1.873000000000000043e+01,3.200000000000000067e-01,-6.114999999999999858e+01,-9.764000000000000057e+01,-2.500000000000000000e+02
4.000000000000000222e-01,6.780000000000000249e+00,4.000000000000000222e-01,-1.414000000000000057e+01,6.693000000000000682e+01,-6.440999999999999659e+01
5.200000000000000178e-01,1.151999999999999957e+01,5.200000000000000178e-01,1.441599999999999966e+02,-2.008999999999999986e+01,1.908000000000000114e+02
-5.999999999999999778e-02,1.563000000000000078e+01,-5.999999999999999778e-02,1.020999999999999943e+02,-1.219999999999999929e+01,2.499900000000000091e+02
6.600000000000000311e-01,4.389999999999999680e+00,6.600000000000000311e-01,-1.814999999999999858e+01,-1.741399999999999864e+02,-4.929999999999999716e+00
-2.600000000000000089e-01,1.331000000000000050e+01,-2.600000000000000089e-01,5.120000000000000284e+01,1.351899999999999977e+02,-1.642800000000000011e+02
6.400000000000000133e-01,1.199000000000000021e+01,6.400000000000000133e-01,-1.020600000000000023e+02,-7.970000000000000284e+01,-2.315200000000000102e+02
5.000000000000000000e-01,8.160000000000000142e+00,5.000000000000000000e-01,7.531000000000000227e+01,3.103999999999999915e+01,1.567800000000000011e+02
1.400000000000000133e-01,1.707999999999999829e+01,1.400000000000000133e-01,1.162900000000000063e+02,8.480000000000000426e+00,2.499900000000000091e+02
2.300000000000000100e-01,6.719999999999999751e+00,2.300000000000000100e-01,1.948000000000000043e+01,1.292999999999999972e+01,1.030199999999999960e+02
-2.999999999999999889e-01,1.338000000000000078e+01,-2.999999999999999889e-01,1.172800000000000011e+02,6.648000000000000398e+01,-2.500000000000000000e+02
6.300000000000000044e-01,1.453999999999999915e+01,6.300000000000000044e-01,-6.159000000000000341e+01,-2.262000000000000099e+01,-1.630999999999999943e+02
8.000000000000000167e-02,6.879999999999999893e+00,8.000000000000000167e-02,9.881999999999999318e+01,-3.071999999999999886e+01,-2.237999999999999901e+01
5.000000000000000000e-01,1.502999999999999936e+01,5.000000000000000000e-01,5.057000000000000028e+01,-1.969999999999999973e+00,2.201200000000000045e+02
1.000000000000000056e-01,1.202999999999999936e+01,1.000000000000000056e-01,2.494000000000000128e+01,3.899000000000000199e+01,2.476200000000000045e+02
-1.400000000000000133e-01,7.129999999999999893e+00,-1.400000000000000133e-01,1.985500000000000114e+02,2.157999999999999829e+01,-5.589000000000000057e+01
4.099999999999999756e-01,1.538000000000000078e+01,4.099999999999999756e-01,-1.196000000000000085e+01,-2.122100000000000080e+02,-2.500000000000000000e+02
4.199999999999999845e-01,7.870000000000000107e+00,4.199999999999999845e-01,-6.906999999999999318e+01,6.667000000000000171e+01,-8.169999999999999929e+00
3.800000000000000044e-01,1.258000000000000007e+01,3.800000000000000044e-01,4.500999999999999801e+01,-1.152099999999999937e+02,2.265200000000000102e+02
-1.499999999999999944e-01,1.211999999999999922e+01,-1.499999999999999944e-01,1.001400000000000006e+02,1.374600000000000080e+02,2.296100000000000136e+02
2.999999999999999889e-02,1.003999999999999915e+01,2.999999999999999889e-02,1.720600000000000023e+02,-2.500000000000000000e+02,-1.677400000000000091e+02
7.399999999999999911e-01,1.348000000000000043e+01,7.399999999999999911e-01,-1.781500000000000057e+02,-6.160000000000000142e+01,-1.055300000000000011e+02
-8.000000000000000167e-02,1.026999999999999957e+01,-8.000000000000000167e-02,-1.456399999999999864e+02,-4.490999999999999659e+01,9.382999999999999829e+01
6.700000000000000400e-01,1.049000000000000021e+01,6.700000000000000400e-01,1.399799999999999898e+02,1.903000000000000114e+01,1.983499999999999943e+02
-4.199999999999999845e-01,1.192999999999999972e+01,-4.199999999999999845e-01,2.298400000000000034e+02,1.356000000000000050e+01,9.518999999999999773e+01
5.699999999999999512e-01,1.215000000000000036e+01,5.699999999999999512e-01,4.477000000000000313e+01,-2.500000000000000000e+02,-2.460600000000000023e+02
2.800000000000000266e-01,1.091000000000000014e+01,2.800000000000000266e-01,-1.416500000000000057e+02,1.389000000000000057e+02,8.320000000000000284e+00
1.000000000000000056e-01,1.338000000000000078e+01,1.000000000000000056e-01,-1.283700000000000045e+02,-1.727800000000000011e+02,1.614900000000000091e+02
1.700000000000000122e-01,8.580000000000000071e+00,1.700000000000000122e-01,7.131000000000000227e+01,1.890300000000000011e+02,1.923799999999999955e+02
-3.599999999999999867e-01,1.302999999999999936e+01,-3.599999999999999867e-01,2.499900000000000091e+02,-2.500000000000000000e+02,-6.400000000000000000e+01
1.100000000000000089e+00,1.149000000000000021e+01,1.100000000000000089e+00,-1.076700000000000017e+02,-1.296800000000000068e+02,-1.658499999999999943e+02
-0.000000000000000000e+00,9.699999999999999289e+00,-0.000000000000000000e+00,-9.875000000000000000e+01,4.645000000000000284e+01,1.286800000000000068e+02
2.000000000000000111e-01,1.350000000000000000e+01,2.000000000000000111e-01,1.317999999999999972e+01,-2.419999999999999929e+01,1.964399999999999977e+02
5.000000000000000278e-02,8.519999999999999574e+00,5.000000000000000278e-02,1.240199999999999960e+02,-7.330000000000000071e+00,6.898000000000000398e+01
-2.399999999999999911e-01,1.360999999999999943e+01,-2.399999999999999911e-01,1.866599999999999966e+02,-1.300300000000000011e+02,-1.882299999999999898e+02
7.600000000000000089e-01,1.135999999999999943e+01,7.600000000000000089e-01,-1.250900000000000034e+02,-8.417000000000000171e+01,-1.085699999999999932e+02
1.300000000000000044e-01,8.970000000000000639e+00,1.300000000000000044e-01,-6.918999999999999773e+01,-1.159999999999999964e+01,1.320600000000000023e+02
3.200000000000000067e-01,1.309999999999999964e+01,3.200000000000000067e-01,1.105699999999999932e+02,-1.960999999999999943e+01,1.900900000000000034e+02
0.000000000000000000e+00,9.599999999999999645e+00,0.000000000000000000e+00,1.781500000000000057e+02,-1.628000000000000114e+01,2.625000000000000000e+01
1.100000000000000006e-01,1.334999999999999964e+01,1.100000000000000006e-01,4.103000000000000114e+01,-1.679199999999999875e+02,-2.299199999999999875e+02
5.200000000000000178e-01,1.082000000000000028e+01,5.200000000000000178e-01,-1.286299999999999955e+02,3.325000000000000000e+01,-4.410999999999999943e+01
5.999999999999999778e-02,1.158999999999999986e+01,5.999999999999999778e-02,-4.814999999999999858e+01,-1.019399999999999977e+02,1.556899999999999977e+02
3.900000000000000133e-01,1.219999999999999929e+01,3.900000000000000133e-01,1.205400000000000063e+02,8.817000000000000171e+01,1.731299999999999955e+02
-2.500000000000000000e-01,1.157000000000000028e+01,-2.500000000000000000e-01,2.444199999999999875e+02,-1.364699999999999989e+02,1.479999999999999982e+00
7.800000000000000266e-01,1.117999999999999972e+01,7.800000000000000266e-01,-4.528999999999999915e+01,-1.750699999999999932e+02,-2.043799999999999955e+02
1.100000000000000006e-01,1.100999999999999979e+01,1.100000000000000006e-01,-1.529499999999999886e+02,6.893999999999999773e+01,-1.109999999999999964e+01
5.600000000000000533e-01,1.160999999999999943e+01,5.600000000000000533e-01,-1.151999999999999957e+01,-9.087999999999999545e+01,1.992100000000000080e+02
-8.000000000000000167e-02,1.111999999999999922e+01,-8.000000000000000167e-02,1.381399999999999864e+02,7.209000000000000341e+01,1.737100000000000080e+02
-1.000000000000000021e-02,1.283000000000000007e+01,-1.000000000000000021e-02,2.041399999999999864e+02,-2.500000000000000000e+02,-2.117800000000000011e+02
7.800000000000000266e-01,1.211999999999999922e+01,7.800000000000000266e-01,-1.231500000000000057e+02,5.307000000000000028e+01,-1.045999999999999943e+02
-5.000000000000000278e-02,9.660000000000000142e+00,-5.000000000000000278e-02,-1.427700000000000102e+02,-9.354999999999999716e+01,7.173000000000000398e+01
5.999999999999999778e-01,1.292999999999999972e+01,5.999999999999999778e-01,9.412999999999999545e+01,5.935999999999999943e+01,2.221999999999999886e+02
-3.300000000000000155e-01,9.630000000000000782e+00,-3.300000000000000155e-01,1.755099999999999909e+02,-1.240000000000000036e+01,1.083900000000000006e+02
4.500000000000000111e-01,1.350999999999999979e+01,4.500000000000000111e-01,4.910000000000000142e+01,-2.500000000000000000e+02,-2.500000000000000000e+02
5.300000000000000266e-01,1.069999999999999929e+01,5.300000000000000266e-01,-1.415300000000000011e+02,1.799900000000000091e+02,-3.064999999999999858e+01
2.200000000000000011e-01,1.038000000000000078e+01,2.200000000000000011e-01,-4.970000000000000284e+01,-1.757500000000000000e+02,1.246800000000000068e+02
2.500000000000000000e-01,1.122000000000000064e+01,2.500000000000000000e-01,1.248599999999999994e+02,1.059699999999999989e+02,2.036899999999999977e+02
-2.500000000000000000e-01,1.086999999999999922e+01,-2.500000000000000000e-01,2.267899999999999920e+02,-1.952400000000000091e+02,-4.359000000000000341e+01
7.299999999999999822e-01,1.288000000000000078e+01,7.299999999999999822e-01,-7.893000000000000682e+01,-1.505399999999999920e+02,-1.745300000000000011e+02
-1.100000000000000006e-01,1.346000000000000085e+01,-1.100000000000000006e-01,-1.300800000000000125e+02,7.223999999999999488e+01,6.225000000000000000e+01
4.699999999999999734e-01,1.147000000000000064e+01,4.699999999999999734e-01,-5.419999999999999929e+00,-1.831899999999999977e+02,1.670200000000000102e+02
-1.900000000000000022e-01,1.076999999999999957e+01,-1.900000000000000022e-01,1.830399999999999920e+02,1.272800000000000011e+02,1.541899999999999977e+02
1.400000000000000133e-01,1.309999999999999964e+01,1.400000000000000133e-01,1.577100000000000080e+02,-2.500000000000000000e+02,-2.500000000000000000e+02
6.700000000000000400e-01,1.065000000000000036e+01,6.700000000000000400e-01,-1.218400000000000034e+02,1.550900000000000034e+02,-7.112999999999999545e+01
-4.000000000000000083e-02,1.241000000000000014e+01,-4.000000000000000083e-02,-1.118700000000000045e+02,-1.581800000000000068e+02,1.088100000000000023e+02
4.400000000000000022e-01,1.173000000000000043e+01,4.400000000000000022e-01,6.047999999999999687e+01,1.022300000000000040e+02,2.235600000000000023e+02
-1.499999999999999944e-01,9.359999999999999432e+00,-1.499999999999999944e-01,2.042199999999999989e+02,-1.378100000000000023e+02,2.614999999999999858e+01
5.000000000000000000e-01,1.328999999999999915e+01,5.000000000000000000e-01,3.457000000000000028e+01,-1.425900000000000034e+02,-2.500000000000000000e+02
2.800000000000000266e-01,1.009999999999999964e+01,2.800000000000000266e-01,-1.051500000000000057e+02,3.913000000000000256e+01,-7.065999999999999659e+01
3.200000000000000067e-01,1.150000000000000000e+01,3.200000000000000067e-01,-1.391999999999999993e+01,-1.374099999999999966e+02,1.906999999999999886e+02
1.000000000000000021e-02,1.217999999999999972e+01,1.000000000000000021e-02,8.696999999999999886e+01,1.097000000000000028e+02,1.898899999999999864e+02
2.000000000000000042e-02,1.057000000000000028e+01,2.000000000000000042e-02,2.090500000000000114e+02,-1.973300000000000125e+02,-9.620000000000000284e+01
4.899999999999999911e-01,1.325999999999999979e+01,4.899999999999999911e-01,-4.153000000000000114e+01,-4.420000000000000284e+01,-2.008300000000000125e+02
1.600000000000000033e-01,9.900000000000000355e+00,1.600000000000000033e-01,-1.378899999999999864e+02,-5.589000000000000057e+01,-2.160000000000000142e+01
6.199999999999999956e-01,1.218999999999999950e+01,6.199999999999999956e-01,1.998000000000000043e+01,-7.759999999999999787e+00,2.333600000000000136e+02
-2.399999999999999911e-01,1.090000000000000036e+01,-2.399999999999999911e-01,8.068000000000000682e+01,8.804999999999999716e+01,2.039300000000000068e+02
-2.999999999999999889e-02,1.265000000000000036e+01,-2.999999999999999889e-02,2.213700000000000045e+02,-2.500000000000000000e+02,-1.916699999999999875e+02
8.599999999999999867e-01,1.075000000000000000e+01,8.599999999999999867e-01,-1.276500000000000057e+02,5.885000000000000142e+01,-9.653000000000000114e+01
-2.500000000000000000e-01,1.339000000000000057e+01,-2.500000000000000000e-01,-1.767800000000000011e+02,-3.207000000000000028e+01,7.106999999999999318e+01
6.300000000000000044e-01,1.109999999999999964e+01,6.300000000000000044e-01,4.674000000000000199e+01,-8.410999999999999943e+01,1.923799999999999955e+02
-2.500000000000000000e-01,9.240000000000000213e+00,-2.500000000000000000e-01,2.046699999999999875e+02,5.314999999999999858e+01,1.150699999999999932e+02
2.700000000000000178e-01,1.516999999999999993e+01,2.700000000000000178e-01,9.920999999999999375e+01,-2.500000000000000000e+02,-2.500000000000000000e+02
4.199999999999999845e-01,1.051999999999999957e+01,4.199999999999999845e-01,-1.172300000000000040e+02,1.201899999999999977e+02,-4.525999999999999801e+01
1.600000000000000033e-01,1.143999999999999950e+01,1.600000000000000033e-01,-5.714999999999999858e+01,-1.856299999999999955e+02,1.740399999999999920e+02
1.900000000000000022e-01,1.185999999999999943e+01,1.900000000000000022e-01,6.585999999999999943e+01,2.064699999999999989e+02,2.187400000000000091e+02
-1.100000000000000006e-01,1.051999999999999957e+01,-1.100000000000000006e-01,2.017700000000000102e+02,-2.500000000000000000e+02,-3.957000000000000028e+01
6.500000000000000222e-01,1.366999999999999993e+01,6.500000000000000222e-01,-2.439999999999999858e+01,-2.919999999999999929e+01,-2.367199999999999989e+02
1.600000000000000033e-01,1.018999999999999950e+01,1.600000000000000033e-01,-1.241800000000000068e+02,-2.573000000000000043e+01,-3.574000000000000199e+01
4.099999999999999756e-01,1.143999999999999950e+01,4.099999999999999756e-01,-2.794999999999999929e+01,1.620000000000000107e+00,2.140900000000000034e+02
-1.100000000000000006e-01,1.063000000000000078e+01,-1.100000000000000006e-01,1.011800000000000068e+02,-5.459000000000000341e+01,1.599499999999999886e+02
2.000000000000000111e-01,1.230000000000000071e+01,2.000000000000000111e-01,1.955999999999999943e+02,-1.689000000000000057e+02,-1.663899999999999864e+02
4.500000000000000111e-01,1.221000000000000085e+01,4.500000000000000111e-01,-5.503000000000000114e+01,-1.216000000000000014e+01,-1.869399999999999977e+02
1.300000000000000044e-01,1.160999999999999943e+01,1.300000000000000044e-01,-1.434900000000000091e+02,-1.232999999999999972e+02,4.289000000000000057e+01
4.699999999999999734e-01,1.328999999999999915e+01,4.699999999999999734e-01,6.160999999999999943e+01,7.068000000000000682e+01,2.499900000000000091e+02
-4.199999999999999845e-01,9.750000000000000000e+00,-4.199999999999999845e-01,1.864900000000000091e+02,-1.085600000000000023e+02,8.557999999999999829e+01
7.500000000000000000e-01,1.306000000000000050e+01,7.500000000000000000e-01,2.508999999999999986e+01,-2.286699999999999875e+02,-2.500000000000000000e+02
2.200000000000000011e-01,1.034999999999999964e+01,2.200000000000000011e-01,-1.099500000000000028e+02,1.663300000000000125e+02,-3.971000000000000085e+01
1.000000000000000056e-01,1.363000000000000078e+01,1.000000000000000056e-01,-3.624000000000000199e+01,-1.859600000000000080e+02,1.341999999999999886e+02
2.300000000000000100e-01,9.609999999999999432e+00,2.300000000000000100e-01,9.932999999999999829e+01,-1.024599999999999937e+02,3.183999999999999986e+01
8.199999999999999512e-01,9.589999999999999858e+00,8.199999999999999512e-01,8.009999999999999787e+00,-6.693999999999999773e+01,-4.621999999999999886e+01
1.250000000000000000e+00,1.334999999999999964e+01,1.250000000000000000e+00,-9.521999999999999886e+01,2.499900000000000091e+02,2.499900000000000091e+02
-2.810000000000000053e+00,1.066999999999999993e+01,-2.810000000000000053e+00,-1.242300000000000040e+02,-2.500000000000000000e+02,-1.560099999999999909e+02
-1.010000000000000009e+00,1.461999999999999922e+01,-1.010000000000000009e+00,-2.398899999999999864e+02,-2.500000000000000000e+02,-2.500000000000000000e+02
3.819999999999999840e+00,1.351999999999999957e+01,3.819999999999999840e+00,-2.500000000000000000e+02,2.499900000000000091e+02,2.342500000000000000e+02
-1.969999999999999973e+00,1.808999999999999986e+01,-1.969999999999999973e+00,-2.500000000000000000e+02,2.499900000000000091e+02,2.499900000000000091e+02
-2.750000000000000000e+00,8.259999999999999787e+00,-2.750000000000000000e+00,8.978000000000000114e+01,-2.500000000000000000e+02,-2.500000000000000000e+02
3.149999999999999911e+00,3.549999999999999822e+00,3.149999999999999911e+00,2.499900000000000091e+02,2.499900000000000091e+02,-2.500000000000000000e+02
1.379999999999999893e+00,6.660000000000000142e+00,1.379999999999999893e+00,3.210999999999999943e+01,2.499900000000000091e+02,1.406200000000000045e+02
-2.759999999999999787e+00,7.580000000000000071e+00,-2.759999999999999787e+00,1.637599999999999909e+02,2.499900000000000091e+02,2.499900000000000091e+02
-2.609999999999999876e+00,1.230000000000000071e+01,-2.609999999999999876e+00,-1.307899999999999920e+02,-2.500000000000000000e+02,-2.500000000000000000e+02
2.220000000000000195e+00,1.368999999999999950e+01,2.220000000000000195e+00,4.443999999999999773e+01,1.225600000000000023e+02,2.499900000000000091e+02
-1.499999999999999944e-01,9.699999999999999289e+00,-1.499999999999999944e-01,-2.044199999999999875e+02,2.499900000000000091e+02,2.364699999999999989e+02
-2.069999999999999840e+00,9.199999999999999289e+00,-2.069999999999999840e+00,-2.591000000000000014e+01,2.499900000000000091e+02,4.796999999999999886e+01
-1.850000000000000089e+00,1.091000000000000014e+01,-1.850000000000000089e+00,9.951999999999999602e+01,-2.500000000000000000e+02,-2.367400000000000091e+02
1.219999999999999973e+00,8.650000000000000355e+00,1.219999999999999973e+00,2.218300000000000125e+02,-2.500000000000000000e+02,1.049899999999999949e+02
3.879999999999999893e+00,1.202999999999999936e+01,3.879999999999999893e+00,-8.368999999999999773e+01,2.499900000000000091e+02,2.236399999999999864e+02
5.100000000000000089e-01,6.240000000000000213e+00,5.100000000000000089e-01,-2.500000000000000000e+02,2.499900000000000091e+02,2.499900000000000091e+02
-5.339999999999999858e+00,8.419999999999999929e+00,-5.339999999999999858e+00,3.003000000000000114e+01,-2.500000000000000000e+02,-2.500000000000000000e+02
4.530000000000000249e+00,5.759999999999999787e+00,4.530000000000000249e+00,2.499900000000000091e+02,2.499900000000000091e+02,7.293000000000000682e+01
1.770000000000000018e+00,1.714000000000000057e+01,1.770000000000000018e+00,-2.500000000000000000e+02,2.499900000000000091e+02,2.499900000000000091e+02
-2.060000000000000053e+00,1.376999999999999957e+01,-2.060000000000000053e+00,-2.500000000000000000e+02,-2.500000000000000000e+02,-2.500000000000000000e+02
1.780000000000000027e+00,9.140000000000000568e+00,1.780000000000000027e+00,-1.373000000000000114e+02,1.371299999999999955e+02,1.436800000000000068e+02
-5.899999999999999689e-01,7.669999999999999929e+00,-5.899999999999999689e-01,-2.950000000000000178e+00,-2.450099999999999909e+02,-6.903000000000000114e+01
1.000000000000000056e-01,1.796999999999999886e+01,1.000000000000000056e-01,2.499900000000000091e+02,2.134099999999999966e+02,-1.610699999999999932e+02
5.999999999999999778e-02,6.400000000000000355e+00,5.999999999999999778e-02,-6.114999999999999858e+01,2.499900000000000091e+02,-5.542000000000000171e+01
-7.099999999999999645e-01,1.701000000000000156e+01,-7.099999999999999645e-01,-2.500000000000000000e+02,-2.500000000000000000e+02,-7.575000000000000000e+01
7.399999999999999911e-01,5.700000000000000178e+00,7.399999999999999911e-01,1.836800000000000068e+02,2.499900000000000091e+02,1.434600000000000080e+02
-4.600000000000000200e-01,1.962000000000000099e+01,-4.600000000000000200e-01,2.499900000000000091e+02,-2.500000000000000000e+02,-2.500000000000000000e+02
3.099999999999999978e-01,8.699999999999999289e+00,3.099999999999999978e-01,-2.040600000000000023e+02,-4.845000000000000284e+01,-4.449000000000000199e+01
1.909999999999999920e+00,1.707000000000000028e+01,1.909999999999999920e+00,2.499900000000000091e+02,-2.500000000000000000e+02,2.499900000000000091e+02
-1.850000000000000089e+00,1.001999999999999957e+01,-1.850000000000000089e+00,2.499900000000000091e+02,-9.193000000000000682e+01,2.421999999999999886e+02
1.149999999999999911e+00,1.848000000000000043e+01,1.149999999999999911e+00,-1.103499999999999943e+02,-1.957199999999999989e+02,-2.500000000000000000e+02
2.099999999999999922e-01,1.102999999999999936e+01,2.099999999999999922e-01,2.419000000000000128e+01,-2.500000000000000000e+02,2.438100000000000023e+02
-1.540000000000000036e+00,1.522000000000000064e+01,-1.540000000000000036e+00,2.239600000000000080e+02,2.499900000000000091e+02,2.499900000000000091e+02
1.000000000000000000e+00,1.798999999999999844e+01,1.000000000000000000e+00,1.788300000000000125e+02,-2.500000000000000000e+02,-2.500000000000000000e+02
-1.030000000000000027e+00,1.382000000000000028e+01,-1.030000000000000027e+00,-2.500000000000000000e+02,-2.500000000000000000e+02,2.842999999999999972e+01
1.040000000000000036e+00,1.610999999999999943e+01,1.040000000000000036e+00,2.499900000000000091e+02,2.499900000000000091e+02,2.499900000000000091e+02
5.999999999999999778e-02,1.667999999999999972e+01,5.999999999999999778e-02,2.499900000000000091e+02,-2.500000000000000000e+02,-2.230399999999999920e+02
-4.000000000000000083e-02,1.224000000000000021e+01,-4.000000000000000083e-02,-2.500000000000000000e+02,-1.202999999999999972e+02,-1.417400000000000091e+02
2.470000000000000195e+00,1.496000000000000085e+01,2.470000000000000195e+00,2.499900000000000091e+02,2.127199999999999989e+02,2.499900000000000091e+02
-8.100000000000000533e-01,1.453999999999999915e+01,-8.100000000000000533e-01,2.499900000000000091e+02,-2.500000000000000000e+02,1.234099999999999966e+02
7.099999999999999645e-01,1.382000000000000028e+01,7.099999999999999645e-01,-1.541500000000000057e+02,-6.867000000000000171e+01,-2.500000000000000000e+02
2.209999999999999964e+00,1.502999999999999936e+01,2.209999999999999964e+00,2.497899999999999920e+02,-2.500000000000000000e+02,2.499900000000000091e+02
-2.290000000000000036e+00,1.266000000000000014e+01,-2.290000000000000036e+00,2.236599999999999966e+02,-7.760999999999999943e+01,2.499900000000000091e+02
1.570000000000000062e+00,1.564000000000000057e+01,1.570000000000000062e+00,-1.746000000000000085e+01,-1.794300000000000068e+02,-2.500000000000000000e+02
-6.400000000000000133e-01,1.215000000000000036e+01,-6.400000000000000133e-01,-1.091899999999999977e+02,-2.500000000000000000e+02,2.116200000000000045e+02
-1.290000000000000036e+00,1.291999999999999993e+01,-1.290000000000000036e+00,1.664399999999999977e+02,2.499900000000000091e+02,2.499900000000000091e+02
9.799999999999999822e-01,1.737999999999999901e+01,9.799999999999999822e-01,1.647899999999999920e+02,-2.500000000000000000e+02,-2.500000000000000000e+02
-7.299999999999999822e-01,1.111999999999999922e+01,-7.299999999999999822e-01,-2.292299999999999898e+02,-2.500000000000000000e+02,5.000000000000000000e-01
1.629999999999999893e+00,1.466000000000000014e+01,1.629999999999999893e+00,2.499900000000000091e+02,2.499900000000000091e+02,2.499900000000000091e+02
-2.099999999999999922e-01,1.406000000000000050e+01,-2.099999999999999922e-01,2.499900000000000091e+02,-2.500000000000000000e+02,-5.397999999999999687e+01
5.300000000000000266e-01,1.207000000000000028e+01,5.300000000000000266e-01,-6.859000000000000341e+01,8.310999999999999943e+01,-2.500000000000000000e+02
1.370000000000000107e+00,1.283000000000000007e+01,1.370000000000000107e+00,1.081500000000000057e+02,-2.500000000000000000e+02,2.499900000000000091e+02
-1.860000000000000098e+00,1.073000000000000043e+01,-1.860000000000000098e+00,1.747400000000000091e+02,1.917299999999999898e+02,2.499900000000000091e+02
9.699999999999999734e-01,1.515000000000000036e+01,9.699999999999999734e-01,1.626299999999999955e+02,-9.370000000000000284e+01,-2.500000000000000000e+02
-5.699999999999999512e-01,1.209999999999999964e+01,-5.699999999999999512e-01,-2.464600000000000080e+02,-2.500000000000000000e+02,-4.285000000000000142e+01
1.110000000000000098e+00,1.353999999999999915e+01,1.110000000000000098e+00,1.702299999999999898e+02,2.499900000000000091e+02,2.499900000000000091e+02
-1.000000000000000021e-02,1.373000000000000043e+01,-1.000000000000000021e-02,2.499900000000000091e+02,-2.500000000000000000e+02,-7.950000000000000000e+01
6.099999999999999867e-01,1.142999999999999972e+01,6.099999999999999867e-01,-4.635000000000000142e+01,9.580000000000000071e+00,-2.500000000000000000e+02
3.300000000000000155e-01,1.439000000000000057e+01,3.300000000000000155e-01,-1.005900000000000034e+02,-2.500000000000000000e+02,2.499900000000000091e+02
-1.280000000000000027e+00,1.240000000000000036e+01,-1.280000000000000027e+00,2.499900000000000091e+02,1.647599999999999909e+02,2.499900000000000091e+02
1.320000000000000062e+00,1.664000000000000057e+01,1.320000000000000062e+00,1.381899999999999977e+02,-1.645099999999999909e+02,-2.500000000000000000e+02
-1.010000000000000009e+00,1.507000000000000028e+01,-1.010000000000000009e+00,-2.500000000000000000e+02,-2.500000000000000000e+02,-1.446699999999999875e+02
1.459999999999999964e+00,1.391999999999999993e+01,1.459999999999999964e+00,2.499900000000000091e+02,2.499900000000000091e+02,2.499900000000000091e+02
1.000000000000000021e-02,1.878000000000000114e+01,1.000000000000000021e-02,2.499900000000000091e+02,-2.500000000000000000e+02,-2.500000000000000000e+02
-1.700000000000000122e-01,1.311999999999999922e+01,-1.700000000000000122e-01,-2.500000000000000000e+02,-3.560000000000000053e+00,-1.857500000000000000e+02
2.540000000000000036e+00,1.388000000000000078e+01,2.540000000000000036e+00,2.499900000000000091e+02,-2.012100000000000080e+02,2.499900000000000091e+02
-1.379999999999999893e+00,1.944999999999999929e+01,-1.379999999999999893e+00,2.499900000000000091e+02,-2.500000000000000000e+02,1.703899999999999864e+02
1.459999999999999964e+00,1.266000000000000014e+01,1.459999999999999964e+00,-2.500000000000000000e+02,4.165999999999999659e+01,-1.952299999999999898e+02
2.089999999999999858e+00,1.561999999999999922e+01,2.089999999999999858e+00,1.946899999999999977e+02,-2.500000000000000000e+02,2.499900000000000091e+02
-1.520000000000000018e+00,1.461999999999999922e+01,-1.520000000000000018e+00,2.499900000000000091e+02,-2.349399999999999977e+02,2.499900000000000091e+02
1.629999999999999893e+00,1.555000000000000071e+01,1.629999999999999893e+00,-2.500000000000000000e+02,-1.421399999999999864e+02,-2.500000000000000000e+02
1.620000000000000107e+00,1.581000000000000050e+01,1.620000000000000107e+00,1.323899999999999864e+02,-2.500000000000000000e+02,2.499900000000000091e+02
-1.840000000000000080e+00,1.642999999999999972e+01,-1.840000000000000080e+00,2.499900000000000091e+02,-1.888799999999999955e+02,2.499900000000000091e+02
1.919999999999999929e+00,1.597000000000000064e+01,1.919999999999999929e+00,-2.318600000000000136e+02,-1.735300000000000011e+02,-2.500000000000000000e+02
1.780000000000000027e+00,1.385999999999999943e+01,1.780000000000000027e+00,2.499900000000000091e+02,-2.500000000000000000e+02,1.157000000000000028e+02
3.790000000000000036e+00,1.651999999999999957e+01,3.790000000000000036e+00,2.499900000000000091e+02,-2.500000000000000000e+02,-2.219799999999999898e+02
3.099999999999999978e-01,1.962000000000000099e+01,3.099999999999999978e-01,-2.500000000000000000e+02,2.499900000000000091e+02,2.499900000000000091e+02
-1.610000000000000098e+00,1.178999999999999915e+01,-1.610000000000000098e+00,5.514999999999999858e+01,2.499900000000000091e+02,-2.403000000000000114e+02
-2.020000000000000018e+00,1.394999999999999929e+01,-2.020000000000000018e+00,-1.646500000000000057e+02,-2.500000000000000000e+02,-2.360600000000000023e+02
7.900000000000000355e-01,1.182000000000000028e+01,7.900000000000000355e-01,2.499900000000000091e+02,-2.500000000000000000e+02,-6.059999999999999609e+00
-5.500000000000000444e-01,9.960000000000000853e+00,-5.500000000000000444e-01,1.970000000000000000e+02,2.499900000000000091e+02,8.690999999999999659e+01
1.900000000000000022e-01,1.040000000000000036e+01,1.900000000000000022e-01,2.499900000000000091e+02,-2.500000000000000000e+02,3.906000000000000227e+01
-4.600000000000000200e-01,1.798999999999999844e+01,-4.600000000000000200e-01,1.069800000000000040e+02,-7.160000000000000142e+00,-2.500000000000000000e+02
6.500000000000000222e-01,6.620000000000000107e+00,6.500000000000000222e-01,-1.685999999999999943e+01,-2.500000000000000000e+02,-1.149000000000000021e+01
1.700000000000000122e-01,1.694999999999999929e+01,1.700000000000000122e-01,2.499900000000000091e+02,2.499900000000000091e+02,3.306000000000000227e+01
-1.799999999999999933e-01,8.900000000000000355e+00,-1.799999999999999933e-01,1.273799999999999955e+02,2.428100000000000023e+02,2.040399999999999920e+02
-3.200000000000000067e-01,1.500000000000000000e+01,-3.200000000000000067e-01,-6.704000000000000625e+01,-2.500000000000000000e+02,-2.500000000000000000e+02
6.899999999999999467e-01,1.300999999999999979e+01,6.899999999999999467e-01,-2.460699999999999932e+02,-2.226299999999999955e+02,7.304000000000000625e+01
2.000000000000000042e-02,7.070000000000000284e+00,2.000000000000000042e-02,2.499900000000000091e+02,-5.247999999999999687e+01,-7.259000000000000341e+01
4.600000000000000200e-01,1.680000000000000071e+01,4.600000000000000200e-01,2.499900000000000091e+02,2.499900000000000091e+02,-8.970000000000000639e+00
-7.500000000000000000e-01,6.540000000000000036e+00,-7.500000000000000000e-01,-4.629999999999999716e+01,1.957999999999999829e+01,-7.981999999999999318e+01
1.499999999999999944e-01,1.853000000000000114e+01,1.499999999999999944e-01,-2.500000000000000000e+02,-2.500000000000000000e+02,-9.181000000000000227e+01
4.799999999999999822e-01,5.650000000000000355e+00,4.799999999999999822e-01,-6.515999999999999659e+01,4.050000000000000000e+01,-1.739999999999999991e+00
4.000000000000000222e-01,1.662000000000000099e+01,4.000000000000000222e-01,2.499900000000000091e+02,9.871999999999999886e+01,-1.412199999999999989e+02
5.999999999999999778e-02,8.550000000000000711e+00,5.999999999999999778e-02,1.004300000000000068e+02,2.499900000000000091e+02,1.958799999999999955e+02
-1.300000000000000044e-01,1.396000000000000085e+01,-1.300000000000000044e-01,-9.160999999999999943e+01,-2.500000000000000000e+02,-2.500000000000000000e+02
9.499999999999999556e-01,1.160999999999999943e+01,9.499999999999999556e-01,-1.805999999999999943e+02,-2.398999999999999844e+01,-5.729999999999999716e+01
6.300000000000000044e-01,1.948000000000000043e+01,6.300000000000000044e-01,2.499900000000000091e+02,2.499900000000000091e+02,2.476200000000000045e+02
1.000000000000000021e-02,1.323000000000000043e+01,1.000000000000000021e-02,-5.825000000000000000e+01,-9.093000000000000682e+01,-9.490000000000000213e+00
6.999999999999999556e-01,8.710000000000000853e+00,6.999999999999999556e-01,9.945999999999999375e+01,1.680099999999999909e+02,1.337100000000000080e+02
-2.600000000000000089e-01,1.030000000000000071e+01,-2.600000000000000089e-01,1.046800000000000068e+02,-8.578000000000000114e+01,-1.399499999999999886e+02
8.000000000000000444e-01,1.252999999999999936e+01,8.000000000000000444e-01,-4.525000000000000000e+01,4.693999999999999773e+01,-1.743100000000000023e+02
7.000000000000000666e-02,8.130000000000000782e+00,7.000000000000000666e-02,5.132000000000000028e+01,3.119000000000000128e+01,1.728999999999999915e+01
4.299999999999999933e-01,1.208999999999999986e+01,4.299999999999999933e-01,4.602000000000000313e+01,-2.008999999999999986e+01,1.704199999999999875e+02
4.000000000000000083e-02,1.039000000000000057e+01,4.000000000000000083e-02,1.049000000000000021e+01,1.577999999999999936e+01,1.332899999999999920e+02
3.300000000000000155e-01,8.519999999999999574e+00,3.300000000000000155e-01,4.190999999999999659e+01,2.700000000000000178e-01,-7.564000000000000057e+01
2.099999999999999922e-01,1.265000000000000036e+01,2.099999999999999922e-01,4.032000000000000028e+01,1.291999999999999993e+01,-1.770699999999999932e+02
4.699999999999999734e-01,9.109999999999999432e+00,4.699999999999999734e-01,3.139999999999999858e+01,1.500000000000000000e+01,-7.181000000000000227e+01
3.599999999999999867e-01,1.061999999999999922e+01,3.599999999999999867e-01,5.315999999999999659e+01,-5.360000000000000320e+00,1.354399999999999977e+02
8.999999999999999667e-02,1.210999999999999943e+01,8.999999999999999667e-02,6.910000000000000142e+00,2.160000000000000142e+00,1.616999999999999886e+02
2.899999999999999800e-01,7.950000000000000178e+00,2.899999999999999800e-01,3.001000000000000156e+01,3.890000000000000124e+00,-1.835000000000000142e+01
6.500000000000000222e-01,1.100999999999999979e+01,6.500000000000000222e-01,6.556999999999999318e+01,1.012999999999999972e+02,-1.427500000000000000e+02
-6.400000000000000133e-01,1.064000000000000057e+01,-6.400000000000000133e-01,1.398000000000000114e+02,2.499900000000000091e+02,3.410000000000000142e+01
5.100000000000000089e-01,9.410000000000000142e+00,5.100000000000000089e-01,-3.770000000000000284e+01,-2.500000000000000000e+02,-2.048000000000000043e+01
4.799999999999999822e-01,1.175000000000000000e+01,4.799999999999999822e-01,-6.292999999999999972e+01,2.499900000000000091e+02,1.937899999999999920e+02
-5.999999999999999778e-02,8.759999999999999787e+00,-5.999999999999999778e-02,-1.309999999999999964e+01,3.350000000000000089e+00,-6.600000000000000311e-01
4.799999999999999822e-01,1.039000000000000057e+01,4.799999999999999822e-01,1.474199999999999875e+02,1.430000000000000071e+01,-6.470000000000000284e+01
-2.000000000000000042e-02,1.197000000000000064e+01,-2.000000000000000042e-02,1.936399999999999864e+02,2.000600000000000023e+02,3.388000000000000256e+01
3.900000000000000133e-01,8.679999999999999716e+00,3.900000000000000133e-01,1.096000000000000085e+01,-2.040399999999999920e+02,-1.862000000000000099e+01
4.299999999999999933e-01,1.268999999999999950e+01,4.299999999999999933e-01,-1.393499999999999943e+02,1.536200000000000045e+02,7.681999999999999318e+01
2.999999999999999889e-02,9.509999999999999787e+00,2.999999999999999889e-02,-6.468999999999999773e+01,-3.400000000000000000e+01,-2.053999999999999915e+01
5.400000000000000355e-01,8.960000000000000853e+00,5.400000000000000355e-01,1.493899999999999864e+02,8.865000000000000568e+01,8.560000000000000497e+00
-8.000000000000000167e-02,1.327999999999999936e+01,-8.000000000000000167e-02,2.210800000000000125e+02,-9.580000000000000071e+00,7.650000000000000000e+01
5.100000000000000089e-01,8.289999999999999147e+00,5.100000000000000089e-01,4.293999999999999773e+01,-6.579000000000000625e+01,-4.080000000000000071e+00
2.500000000000000000e-01,1.307000000000000028e+01,2.500000000000000000e-01,-1.772599999999999909e+02,2.160999999999999943e+01,-1.621000000000000085e+01
3.099999999999999978e-01,9.769999999999999574e+00,3.099999999999999978e-01,-9.464000000000000057e+01,3.675999999999999801e+01,-2.617999999999999972e+01
3.499999999999999778e-01,9.109999999999999432e+00,3.499999999999999778e-01,1.766599999999999966e+02,-1.518999999999999950e+01,1.115000000000000036e+01
1.700000000000000122e-01,1.400999999999999979e+01,1.700000000000000122e-01,2.351999999999999886e+02,-2.448000000000000043e+01,3.850999999999999801e+01
2.800000000000000266e-01,8.320000000000000284e+00,2.800000000000000266e-01,6.006000000000000227e+01,-8.429999999999999716e+00,2.839999999999999858e+00
2.099999999999999922e-01,1.241999999999999993e+01,2.099999999999999922e-01,-1.502299999999999898e+02,-3.012000000000000099e+01,-6.929999999999999716e+00
2.500000000000000000e-01,1.078999999999999915e+01,2.500000000000000000e-01,-1.106299999999999955e+02,3.635000000000000142e+01,2.779999999999999805e+00
2.999999999999999889e-01,8.429999999999999716e+00,2.999999999999999889e-01,1.274000000000000057e+02,-2.419999999999999929e+01,-9.220000000000000639e+00
2.700000000000000178e-01,1.251999999999999957e+01,2.700000000000000178e-01,2.160900000000000034e+02,1.919999999999999929e+00,5.860000000000000320e+00
3.200000000000000067e-01,8.880000000000000782e+00,3.200000000000000067e-01,8.818000000000000682e+01,-1.823000000000000043e+01,2.839999999999999858e+00
2.800000000000000266e-01,1.082000000000000028e+01,2.800000000000000266e-01,-1.021599999999999966e+02,-1.211999999999999922e+01,1.260999999999999943e+01
2.600000000000000089e-01,1.116999999999999993e+01,2.600000000000000089e-01,-1.105799999999999983e+02,3.098000000000000043e+01,8.189999999999999503e+00
2.399999999999999911e-01,8.509999999999999787e+00,2.399999999999999911e-01,7.940000000000000568e+01,-1.630000000000000071e+01,-1.080000000000000071e+01
2.000000000000000111e-01,1.155000000000000071e+01,2.000000000000000111e-01,1.960000000000000000e+02,2.490000000000000213e+00,-8.009999999999999787e+00
3.300000000000000155e-01,9.539999999999999147e+00,3.300000000000000155e-01,9.853000000000000114e+01,-1.953999999999999915e+01,-3.589999999999999858e+00
2.500000000000000000e-01,1.019999999999999929e+01,2.500000000000000000e-01,-7.581000000000000227e+01,-2.009999999999999787e+00,2.078999999999999915e+01
2.399999999999999911e-01,1.092999999999999972e+01,2.399999999999999911e-01,-9.307999999999999829e+01,1.873999999999999844e+01,1.389000000000000057e+01
2.500000000000000000e-01,8.599999999999999645e+00,2.500000000000000000e-01,5.782000000000000028e+01,-2.689999999999999947e+00,-8.849999999999999645e+00
2.300000000000000100e-01,1.098000000000000043e+01,2.300000000000000100e-01,1.735399999999999920e+02,-2.500000000000000000e-01,-1.517999999999999972e+01
3.099999999999999978e-01,9.960000000000000853e+00,3.099999999999999978e-01,9.989000000000000057e+01,-1.707000000000000028e+01,-3.689999999999999947e+00
2.999999999999999889e-01,9.730000000000000426e+00,2.999999999999999889e-01,-5.404999999999999716e+01,2.290000000000000036e+00,1.991000000000000014e+01
2.899999999999999800e-01,1.084999999999999964e+01,2.899999999999999800e-01,-7.735999999999999943e+01,1.169999999999999929e+01,1.217999999999999972e+01
2.700000000000000178e-01,8.619999999999999218e+00,2.700000000000000178e-01,4.524000000000000199e+01,4.750000000000000000e+00,-8.580000000000000071e+00
2.800000000000000266e-01,1.098000000000000043e+01,2.800000000000000266e-01,1.494699999999999989e+02,-7.190000000000000391e+00,-1.628999999999999915e+01
2.800000000000000266e-01,9.839999999999999858e+00,2.800000000000000266e-01,9.834000000000000341e+01,-6.129999999999999893e+00,-9.460000000000000853e+00
2.700000000000000178e-01,1.017999999999999972e+01,2.700000000000000178e-01,-3.071000000000000085e+01,-5.000000000000000278e-02,1.418999999999999950e+01
2.399999999999999911e-01,1.048000000000000043e+01,2.399999999999999911e-01,-6.003000000000000114e+01,2.580000000000000071e+00,2.032000000000000028e+01
2.300000000000000100e-01,9.269999999999999574e+00,2.300000000000000100e-01,2.705000000000000071e+01,2.600000000000000089e+00,-3.240000000000000213e+00
1.900000000000000022e-01,1.009999999999999964e+01,1.900000000000000022e-01,1.264300000000000068e+02,-2.500000000000000000e+00,-2.083999999999999986e+01
2.500000000000000000e-01,1.002999999999999936e+01,2.500000000000000000e-01,9.618000000000000682e+01,-7.759999999999999787e+00,-1.309999999999999964e+01
2.899999999999999800e-01,9.689999999999999503e+00,2.899999999999999800e-01,-1.417999999999999972e+01,1.080000000000000071e+00,1.912000000000000099e+01
2.300000000000000100e-01,1.038000000000000078e+01,2.300000000000000100e-01,-4.936999999999999744e+01,6.080000000000000071e+00,1.778999999999999915e+01
2.300000000000000100e-01,9.220000000000000639e+00,2.300000000000000100e-01,2.151999999999999957e+01,9.499999999999999556e-01,2.240000000000000213e+00
2.999999999999999889e-01,1.017999999999999972e+01,2.999999999999999889e-01,1.080400000000000063e+02,6.899999999999999467e-01,-2.200000000000000000e+01
3.300000000000000155e-01,9.849999999999999645e+00,3.300000000000000155e-01,8.840999999999999659e+01,-6.809999999999999609e+00,-6.969999999999999751e+00
3.200000000000000067e-01,9.689999999999999503e+00,3.200000000000000067e-01,5.100000000000000089e-01,6.899999999999999467e-01,1.269999999999999929e+01
1.700000000000000122e-01,9.949999999999999289e+00,1.700000000000000122e-01,-3.596000000000000085e+01,2.740000000000000213e+00,1.232000000000000028e+01
2.999999999999999889e-01,9.490000000000000213e+00,2.999999999999999889e-01,2.435000000000000142e+01,3.390000000000000124e+00,1.489999999999999991e+00
2.999999999999999889e-01,9.919999999999999929e+00,2.999999999999999889e-01,8.550000000000000000e+01,-4.620000000000000107e+00,-1.366999999999999993e+01
2.899999999999999800e-01,9.910000000000000142e+00,2.899999999999999800e-01,8.240999999999999659e+01,-2.419999999999999929e+00,-1.385999999999999943e+01
3.200000000000000067e-01,9.630000000000000782e+00,3.200000000000000067e-01,1.208999999999999986e+01,2.099999999999999922e-01,5.959999999999999964e+00
3.300000000000000155e-01,9.960000000000000853e+00,3.300000000000000155e-01,-1.391000000000000014e+01,-4.699999999999999734e-01,1.741000000000000014e+01
3.099999999999999978e-01,9.470000000000000639e+00,3.099999999999999978e-01,2.048000000000000043e+01,5.699999999999999512e-01,5.059999999999999609e+00
2.399999999999999911e-01,9.710000000000000853e+00,2.399999999999999911e-01,7.526000000000000512e+01,2.600000000000000089e+00,-7.799999999999999822e+00
2.700000000000000178e-01,9.460000000000000853e+00,2.700000000000000178e-01,6.884999999999999432e+01,-5.009999999999999787e+00,-1.723000000000000043e+01
2.800000000000000266e-01,9.849999999999999645e+00,2.800000000000000266e-01,2.455999999999999872e+01,3.750000000000000000e+00,4.269999999999999574e+00
2.500000000000000000e-01,1.000999999999999979e+01,2.500000000000000000e-01,-3.729999999999999982e+00,-2.839999999999999858e+00,1.635000000000000142e+01
2.899999999999999800e-01,9.480000000000000426e+00,2.899999999999999800e-01,2.055000000000000071e+01,4.459999999999999964e+00,9.300000000000000711e+00
2.600000000000000089e-01,9.830000000000000071e+00,2.600000000000000089e-01,6.325999999999999801e+01,1.090000000000000080e+00,-1.096000000000000085e+01
3.400000000000000244e-01,9.769999999999999574e+00,3.400000000000000244e-01,6.385000000000000142e+01,-2.020000000000000018e+00,-1.352999999999999936e+01
3.099999999999999978e-01,9.789999999999999147e+00,3.099999999999999978e-01,3.489999999999999858e+01,-6.160000000000000142e+00,-7.600000000000000089e-01
3.300000000000000155e-01,9.289999999999999147e+00,3.300000000000000155e-01,3.499999999999999778e-01,-1.300000000000000044e-01,2.144000000000000128e+01
2.600000000000000089e-01,9.650000000000000355e+00,2.600000000000000089e-01,1.808999999999999986e+01,-5.389999999999999680e+00,9.080000000000000071e+00
2.899999999999999800e-01,9.529999999999999361e+00,2.899999999999999800e-01,5.285999999999999943e+01,-2.200000000000000011e-01,-5.839999999999999858e+00
2.600000000000000089e-01,9.789999999999999147e+00,2.600000000000000089e-01,5.946999999999999886e+01,-8.699999999999999956e-01,-1.700000000000000000e+01
2.999999999999999889e-01,9.630000000000000782e+00,2.999999999999999889e-01,3.535999999999999943e+01,-3.310000000000000053e+00,4.580000000000000071e+00
2.899999999999999800e-01,9.919999999999999929e+00,2.899999999999999800e-01,1.646000000000000085e+01,1.489000000000000057e+01,1.153999999999999915e+01
2.700000000000000178e-01,9.640000000000000568e+00,2.700000000000000178e-01,1.900000000000000000e+01,1.360999999999999943e+01,9.550000000000000711e+00
3.099999999999999978e-01,9.550000000000000711e+00,3.099999999999999978e-01,4.260999999999999943e+01,4.950000000000000178e+00,-3.759999999999999787e+00
2.999999999999999889e-01,9.710000000000000853e+00,2.999999999999999889e-01,5.792999999999999972e+01,-1.091999999999999993e+01,-1.343999999999999950e+01
3.300000000000000155e-01,9.609999999999999432e+00,3.300000000000000155e-01,3.971999999999999886e+01,-9.300000000000000488e-01,2.290000000000000036e+00
2.399999999999999911e-01,9.640000000000000568e+00,2.399999999999999911e-01,2.533999999999999986e+01,-8.730000000000000426e+00,4.080000000000000071e+00
2.099999999999999922e-01,9.679999999999999716e+00,2.099999999999999922e-01,1.939000000000000057e+01,-1.499999999999999944e-01,7.179999999999999716e+00
3.099999999999999978e-01,9.679999999999999716e+00,3.099999999999999978e-01,4.100000000000000000e+01,-4.070000000000000284e+00,-3.419999999999999929e+00
2.999999999999999889e-01,9.560000000000000497e+00,2.999999999999999889e-01,4.693999999999999773e+01,-3.899999999999999911e+00,-7.900000000000000355e+00
2.099999999999999922e-01,9.730000000000000426e+00,2.099999999999999922e-01,4.077000000000000313e+01,5.500000000000000444e-01,-1.280000000000000027e+00
3.200000000000000067e-01,9.560000000000000497e+00,3.200000000000000067e-01,2.878999999999999915e+01,-9.390000000000000568e+00,8.750000000000000000e+00
2.000000000000000111e-01,9.599999999999999645e+00,2.000000000000000111e-01,2.860999999999999943e+01,1.979999999999999982e+00,4.070000000000000284e+00
2.999999999999999889e-01,9.679999999999999716e+00,2.999999999999999889e-01,3.625000000000000000e+01,-2.649999999999999911e+00,-3.200000000000000067e-01
2.200000000000000011e-01,9.640000000000000568e+00,2.200000000000000011e-01,4.285999999999999943e+01,5.500000000000000444e-01,-7.139999999999999680e+00
3.099999999999999978e-01,9.679999999999999716e+00,3.099999999999999978e-01,3.953999999999999915e+01,1.110000000000000098e+00,-4.809999999999999609e+00
2.700000000000000178e-01,9.669999999999999929e+00,2.700000000000000178e-01,3.499000000000000199e+01,-1.000000000000000000e+00,6.330000000000000071e+00
2.999999999999999889e-01,9.490000000000000213e+00,2.999999999999999889e-01,2.885000000000000142e+01,-2.709999999999999964e+00,4.900000000000000355e+00
3.099999999999999978e-01,9.689999999999999503e+00,3.099999999999999978e-01,3.064999999999999858e+01,-1.050000000000000044e+00,2.720000000000000195e+00
2.800000000000000266e-01,9.580000000000000071e+00,2.800000000000000266e-01,3.889000000000000057e+01,2.200000000000000011e-01,-7.549999999999999822e+00
2.600000000000000089e-01,9.759999999999999787e+00,2.600000000000000089e-01,3.604999999999999716e+01,-1.300000000000000044e+00,-1.830000000000000071e+00
3.099999999999999978e-01,1.003999999999999915e+01,3.099999999999999978e-01,3.389000000000000057e+01,4.139999999999999680e+00,1.760000000000000009e+00
2.800000000000000266e-01,9.380000000000000782e+00,2.800000000000000266e-01,3.303999999999999915e+01,-3.939999999999999947e+00,7.490000000000000213e+00
2.899999999999999800e-01,9.470000000000000639e+00,2.899999999999999800e-01,3.732999999999999829e+01,1.066999999999999993e+01,-4.719999999999999751e+00
2.700000000000000178e-01,9.630000000000000782e+00,2.700000000000000178e-01,3.993999999999999773e+01,-4.070000000000000284e+00,-4.179999999999999716e+00
3.099999999999999978e-01,9.910000000000000142e+00,3.099999999999999978e-01,3.853000000000000114e+01,-3.700000000000000178e+00,-6.349999999999999645e+00
3.699999999999999956e-01,9.560000000000000497e+00,3.699999999999999956e-01,3.738000000000000256e+01,5.160000000000000142e+00,4.530000000000000249e+00
2.399999999999999911e-01,9.710000000000000853e+00,2.399999999999999911e-01,3.239000000000000057e+01,-8.630000000000000782e+00,3.290000000000000036e+00
2.800000000000000266e-01,9.859999999999999432e+00,2.800000000000000266e-01,4.250000000000000000e+01,4.179999999999999716e+00,-6.490000000000000213e+00
1.400000000000000133e-01,9.689999999999999503e+00,1.400000000000000133e-01,3.628000000000000114e+01,-3.724000000000000199e+01,-9.250000000000000000e+00
4.699999999999999734e-01,9.449999999999999289e+00,4.699999999999999734e-01,4.803000000000000114e+01,-1.282299999999999898e+02,-2.617000000000000171e+01
2.600000000000000089e-01,9.960000000000000853e+00,2.600000000000000089e-01,2.933999999999999986e+01,6.470999999999999375e+01,2.130000000000000071e+01
2.899999999999999800e-01,9.330000000000000071e+00,2.899999999999999800e-01,1.869000000000000128e+01,-5.353999999999999915e+01,7.900000000000000355e-01
-7.379999999999999893e+00,5.549999999999999822e+00,-7.379999999999999893e+00,-1.900300000000000011e+02,1.837700000000000102e+02,3.957999999999999829e+01
0.000000000000000000e+00,2.270000000000000018e+00,0.000000000000000000e+00,-1.999199999999999875e+02,1.158299999999999983e+02,8.821999999999999886e+01
1.399999999999999911e+00,-5.799999999999999600e-01,1.399999999999999911e+00,-4.160000000000000142e+01,3.430000000000000160e+00,6.675000000000000000e+01
-1.979999999999999982e+00,-2.859999999999999876e+00,-1.979999999999999982e+00,-8.300000000000000711e+00,4.396999999999999886e+01,4.879999999999999716e+01
-2.229999999999999982e+00,-1.919999999999999929e+00,-2.229999999999999982e+00,1.721100000000000136e+02,1.212800000000000011e+02,1.932999999999999829e+01
-1.139999999999999902e+00,-1.139999999999999902e+00,-1.139999999999999902e+00,4.021000000000000085e+01,1.598000000000000043e+01,-2.425000000000000000e+01
5.000000000000000278e-02,-5.999999999999999778e-02,5.000000000000000278e-02,3.613000000000000256e+01,1.709999999999999964e+00,-2.603999999999999915e+01
-1.199999999999999956e-01,-1.600000000000000033e-01,-1.199999999999999956e-01,3.539999999999999858e+01,3.099999999999999978e-01,-2.540000000000000036e+00
-2.300000000000000100e-01,-1.400000000000000133e-01,-2.300000000000000100e-01,3.522999999999999687e+01,4.000000000000000083e-02,-1.179999999999999938e+00
-3.599999999999999867e-01,-1.100000000000000006e-01,-3.599999999999999867e-01,3.578000000000000114e+01,-2.700000000000000178e-01,-1.514000000000000057e+01
-3.400000000000000244e-01,-1.199999999999999956e-01,-3.400000000000000244e-01,3.503999999999999915e+01,-8.999999999999999667e-02,2.399999999999999911e-01
-2.899999999999999800e-01,-1.499999999999999944e-01,-2.899999999999999800e-01,3.514000000000000057e+01,8.000000000000000167e-02,3.200000000000000067e-01
-2.800000000000000266e-01,-1.499999999999999944e-01,-2.800000000000000266e-01,3.536999999999999744e+01,4.000000000000000083e-02,2.500000000000000000e-01
-2.399999999999999911e-01,-1.400000000000000133e-01,-2.399999999999999911e-01,3.518999999999999773e+01,1.000000000000000056e-01,2.399999999999999911e-01
-2.080000000000000071e+00,-2.800000000000000266e-01,-2.080000000000000071e+00,3.768999999999999773e+01,4.000000000000000222e-01,-4.935000000000000142e+01
1.700000000000000122e-01,6.099999999999999867e-01,1.700000000000000122e-01,4.250000000000000000e+01,9.000000000000000222e-01,-1.322500000000000000e+02
-2.200000000000000011e-01,-2.200000000000000011e-01,-2.200000000000000011e-01,3.525999999999999801e+01,2.099999999999999922e-01,3.400000000000000244e-01
-2.099999999999999922e-01,-1.900000000000000022e-01,-2.099999999999999922e-01,3.515999999999999659e+01,2.600000000000000089e-01,2.700000000000000178e-01
-2.000000000000000111e-01,-1.900000000000000022e-01,-2.000000000000000111e-01,3.510000000000000142e+01,2.099999999999999922e-01,3.200000000000000067e-01
-2.399999999999999911e-01,-2.200000000000000011e-01,-2.399999999999999911e-01,3.513000000000000256e+01,-1.000000000000000021e-02,2.700000000000000178e-01
-1.799999999999999933e-01,-1.700000000000000122e-01,-1.799999999999999933e-01,3.524000000000000199e+01,-1.300000000000000044e-01,3.699999999999999956e-01
-2.000000000000000111e-01,-1.199999999999999956e-01,-2.000000000000000111e-01,3.539000000000000057e+01,1.199999999999999956e-01,3.699999999999999956e-01
-2.500000000000000000e-01,-1.499999999999999944e-01,-2.500000000000000000e-01,3.511999999999999744e+01,5.000000000000000278e-02,1.400000000000000133e-01
-2.300000000000000100e-01,-1.499999999999999944e-01,-2.300000000000000100e-01,3.524000000000000199e+01,8.000000000000000167e-02,1.900000000000000022e-01
-2.300000000000000100e-01,-1.799999999999999933e-01,-2.300000000000000100e-01,3.503999999999999915e+01,2.999999999999999889e-02,3.400000000000000244e-01
-3.499999999999999778e-01,-2.399999999999999911e-01,-3.499999999999999778e-01,3.510999999999999943e+01,1.799999999999999933e-01,3.200000000000000067e-01
-1.700000000000000122e-01,-1.700000000000000122e-01,-1.700000000000000122e-01,3.522999999999999687e+01,-8.000000000000000167e-02,2.700000000000000178e-01
-2.399999999999999911e-01,-1.900000000000000022e-01,-2.399999999999999911e-01,3.517999999999999972e+01,7.000000000000000666e-02,3.499999999999999778e-01
-1.799999999999999933e-01,-1.600000000000000033e-01,-1.799999999999999933e-01,3.515999999999999659e+01,-8.000000000000000167e-02,3.400000000000000244e-01
-2.399999999999999911e-01,-1.700000000000000122e-01,-2.399999999999999911e-01,3.495000000000000284e+01,-5.000000000000000278e-02,2.399999999999999911e-01
-1.900000000000000022e-01,-1.600000000000000033e-01,-1.900000000000000022e-01,3.518999999999999773e+01,-8.000000000000000167e-02,1.400000000000000133e-01
-1.700000000000000122e-01,-2.399999999999999911e-01,-1.700000000000000122e-01,3.517000000000000171e+01,1.100000000000000006e-01,2.099999999999999922e-01
-2.200000000000000011e-01,-1.600000000000000033e-01,-2.200000000000000011e-01,3.509000000000000341e+01,-1.000000000000000056e-01,3.499999999999999778e-01
-1.799999999999999933e-01,-1.400000000000000133e-01,-1.799999999999999933e-01,3.535000000000000142e+01,-1.600000000000000033e-01,3.300000000000000155e-01
-2.300000000000000100e-01,-1.900000000000000022e-01,-2.300000000000000100e-01,3.531000000000000227e+01,-2.999999999999999889e-02,1.600000000000000033e-01
-2.300000000000000100e-01,-2.000000000000000111e-01,-2.300000000000000100e-01,3.506000000000000227e+01,2.000000000000000042e-02,3.400000000000000244e-01
-2.300000000000000100e-01,-2.000000000000000111e-01,-2.300000000000000100e-01,3.521000000000000085e+01,2.999999999999999889e-02,3.099999999999999978e-01
-1.900000000000000022e-01,-2.000000000000000111e-01,-1.900000000000000022e-01,3.522999999999999687e+01,1.300000000000000044e-01,2.500000000000000000e-01
-2.600000000000000089e-01,-1.499999999999999944e-01,-2.600000000000000089e-01,3.531000000000000227e+01,-5.000000000000000278e-02,5.000000000000000000e-01
-2.399999999999999911e-01,-1.499999999999999944e-01,-2.399999999999999911e-01,3.510999999999999943e+01,1.499999999999999944e-01,2.899999999999999800e-01
-2.200000000000000011e-01,-1.799999999999999933e-01,-2.200000000000000011e-01,3.521999999999999886e+01,2.000000000000000042e-02,4.699999999999999734e-01
-2.000000000000000111e-01,-1.499999999999999944e-01,-2.000000000000000111e-01,3.517999999999999972e+01,-2.000000000000000042e-02,3.699999999999999956e-01
-1.900000000000000022e-01,-1.799999999999999933e-01,-1.900000000000000022e-01,3.507000000000000028e+01,-2.399999999999999911e-01,2.300000000000000100e-01
-1.700000000000000122e-01,-1.499999999999999944e-01,-1.700000000000000122e-01,3.490999999999999659e+01,-7.000000000000000666e-02,3.400000000000000244e-01
-1.590000000000000080e+00,-2.399999999999999911e-01,-1.590000000000000080e+00,3.650999999999999801e+01,-2.385000000000000142e+01,-2.714999999999999858e+01
6.780000000000000249e+00,2.700000000000000178e-01,6.780000000000000249e+00,2.905999999999999872e+01,-1.495600000000000023e+02,-1.879999999999999893e+00
9.910000000000000142e+00,1.280000000000000027e+00,9.910000000000000142e+00,1.076999999999999957e+01,-1.698700000000000045e+02,-1.213000000000000078e+01
1.040000000000000036e+01,-8.000000000000000167e-02,1.040000000000000036e+01,2.930999999999999872e+01,-3.439999999999999858e+01,-1.459999999999999964e+00
1.011999999999999922e+01,-5.999999999999999778e-02,1.011999999999999922e+01,3.539999999999999858e+01,2.557000000000000028e+01,-1.129999999999999893e+00
1.001999999999999957e+01,-2.000000000000000042e-02,1.001999999999999957e+01,3.500000000000000000e+01,3.040000000000000036e+00,3.499999999999999778e-01
9.320000000000000284e+00,-5.000000000000000278e-02,9.320000000000000284e+00,3.528000000000000114e+01,-4.232999999999999829e+01,-2.500000000000000000e-01
1.017999999999999972e+01,-2.000000000000000042e-02,1.017999999999999972e+01,3.527000000000000313e+01,-1.069999999999999929e+01,3.400000000000000244e-01
1.010999999999999943e+01,2.000000000000000042e-02,1.010999999999999943e+01,3.472999999999999687e+01,5.106000000000000227e+01,7.800000000000000266e-01
1.010999999999999943e+01,-5.000000000000000278e-02,1.010999999999999943e+01,3.488000000000000256e+01,2.503999999999999915e+01,4.500000000000000111e-01
1.001999999999999957e+01,-2.000000000000000042e-02,1.001999999999999957e+01,3.499000000000000199e+01,-2.466000000000000014e+01,2.899999999999999800e-01
1.026999999999999957e+01,7.000000000000000666e-02,1.026999999999999957e+01,3.503000000000000114e+01,-1.771999999999999886e+01,1.340000000000000080e+00
9.990000000000000213e+00,-1.000000000000000021e-02,9.990000000000000213e+00,3.500000000000000000e+01,4.089999999999999858e+00,2.099999999999999922e-01
1.016000000000000014e+01,1.000000000000000021e-02,1.016000000000000014e+01,3.517000000000000171e+01,-1.360000000000000098e+00,5.600000000000000533e-01
1.006000000000000050e+01,-5.999999999999999778e-02,1.006000000000000050e+01,3.525999999999999801e+01,8.000000000000000167e-02,2.000000000000000111e-01
1.010999999999999943e+01,-5.000000000000000278e-02,1.010999999999999943e+01,3.495000000000000284e+01,7.399999999999999911e-01,3.400000000000000244e-01
1.003999999999999915e+01,-4.000000000000000083e-02,1.003999999999999915e+01,3.503999999999999915e+01,2.999999999999999889e-01,3.300000000000000155e-01
1.015000000000000036e+01,-0.000000000000000000e+00,1.015000000000000036e+01,3.517999999999999972e+01,2.000000000000000042e-02,8.000000000000000167e-02
1.002999999999999936e+01,-0.000000000000000000e+00,1.002999999999999936e+01,3.511999999999999744e+01,-1.000000000000000056e-01,4.000000000000000222e-01
1.010999999999999943e+01,-1.000000000000000021e-02,1.010999999999999943e+01,3.492000000000000171e+01,5.000000000000000278e-02,2.399999999999999911e-01
1.002999999999999936e+01,-1.000000000000000021e-02,1.002999999999999936e+01,3.536999999999999744e+01,-2.000000000000000042e-02,1.199999999999999956e-01
1.013000000000000078e+01,-2.999999999999999889e-02,1.013000000000000078e+01,3.517000000000000171e+01,-8.999999999999999667e-02,1.799999999999999933e-01
1.009999999999999964e+01,2.999999999999999889e-02,1.009999999999999964e+01,3.518999999999999773e+01,-2.399999999999999911e-01,5.000000000000000000e-01
1.005000000000000071e+01,1.000000000000000021e-02,1.005000000000000071e+01,3.506000000000000227e+01,-1.499999999999999944e-01,2.300000000000000100e-01
1.006000000000000050e+01,-5.999999999999999778e-02,1.006000000000000050e+01,3.522999999999999687e+01,1.100000000000000006e-01,2.700000000000000178e-01
1.008000000000000007e+01,-0.000000000000000000e+00,1.008000000000000007e+01,3.532999999999999829e+01,-2.000000000000000111e-01,4.400000000000000022e-01
1.015000000000000036e+01,-4.000000000000000083e-02,1.015000000000000036e+01,3.503000000000000114e+01,-5.000000000000000278e-02,2.700000000000000178e-01
1.006000000000000050e+01,-1.000000000000000021e-02,1.006000000000000050e+01,3.521999999999999886e+01,1.400000000000000133e-01,5.000000000000000000e-01
1.013000000000000078e+01,2.000000000000000042e-02,1.013000000000000078e+01,3.515999999999999659e+01,8.000000000000000167e-02,3.099999999999999978e-01
1.008999999999999986e+01,-2.000000000000000042e-02,1.008999999999999986e+01,3.517000000000000171e+01,-1.100000000000000006e-01,4.699999999999999734e-01
1.006000000000000050e+01,-5.999999999999999778e-02,1.006000000000000050e+01,3.517000000000000171e+01,-1.499999999999999944e-01,2.700000000000000178e-01
1.009999999999999964e+01,-2.999999999999999889e-02,1.009999999999999964e+01,3.525999999999999801e+01,1.199999999999999956e-01,3.400000000000000244e-01
1.010999999999999943e+01,-0.000000000000000000e+00,1.010999999999999943e+01,3.506000000000000227e+01,-8.999999999999999667e-02,2.399999999999999911e-01
1.003999999999999915e+01,-2.000000000000000042e-02,1.003999999999999915e+01,3.528999999999999915e+01,-5.000000000000000278e-02,1.600000000000000033e-01
1.007000000000000028e+01,-1.000000000000000021e-02,1.007000000000000028e+01,3.515999999999999659e+01,-2.000000000000000042e-02,2.899999999999999800e-01
1.289000000000000057e+01,-2.799999999999999822e+00,1.289000000000000057e+01,6.559000000000000341e+01,-3.559000000000000341e+01,-3.099999999999999978e-01
6.339999999999999858e+00,-2.399999999999999911e+00,6.339999999999999858e+00,1.526999999999999957e+01,2.499900000000000091e+02,7.923000000000000398e+01
-3.799999999999999822e+00,-1.870000000000000107e+00,-3.799999999999999822e+00,4.830000000000000071e+00,1.360099999999999909e+02,4.511999999999999744e+01
-8.720000000000000639e+00,-5.899999999999999689e-01,-8.720000000000000639e+00,-2.514999999999999858e+01,1.182500000000000000e+02,-1.946999999999999886e+01
-9.439999999999999503e+00,-1.149999999999999911e+00,-9.439999999999999503e+00,1.864000000000000057e+01,4.585000000000000142e+01,3.240000000000000213e+00
-9.369999999999999218e+00,-8.000000000000000444e-01,-9.369999999999999218e+00,4.107000000000000028e+01,-1.163000000000000078e+01,6.459999999999999964e+00
-9.179999999999999716e+00,-5.600000000000000533e-01,-9.179999999999999716e+00,2.810999999999999943e+01,-1.414000000000000057e+01,2.946999999999999886e+01
-9.449999999999999289e+00,5.999999999999999778e-02,-9.449999999999999289e+00,2.266000000000000014e+01,2.620000000000000107e+00,2.600000000000000089e-01
-6.769999999999999574e+00,-4.299999999999999933e-01,-6.769999999999999574e+00,-1.898400000000000034e+02,-2.500000000000000000e+02,6.912999999999999545e+01
-8.539999999999999147e+00,-2.399999999999999911e-01,-8.539999999999999147e+00,1.097099999999999937e+02,2.487899999999999920e+02,-1.723000000000000043e+01
-9.289999999999999147e+00,1.100000000000000006e-01,-9.289999999999999147e+00,3.457000000000000028e+01,3.082999999999999829e+01,1.909999999999999920e+00
-9.320000000000000284e+00,5.999999999999999778e-02,-9.320000000000000284e+00,8.830000000000000071e+00,-1.072000000000000064e+01,-3.029999999999999805e+00
-8.710000000000000853e+00,1.799999999999999933e-01,-8.710000000000000853e+00,6.756000000000000227e+01,1.951999999999999957e+01,-1.060000000000000053e+00
-1.030000000000000071e+01,5.799999999999999600e-01,-1.030000000000000071e+01,3.940999999999999659e+01,1.714000000000000057e+01,1.399999999999999911e+00
-9.330000000000000071e+00,-0.000000000000000000e+00,-9.330000000000000071e+00,2.971999999999999886e+01,-4.700000000000000178e+00,-5.000000000000000278e-02
-9.359999999999999432e+00,2.999999999999999889e-02,-9.359999999999999432e+00,3.520000000000000284e+01,-1.139999999999999902e+00,2.999999999999999889e-01
-9.210000000000000853e+00,-1.499999999999999944e-01,-9.210000000000000853e+00,3.439000000000000057e+01,1.278999999999999915e+01,2.330000000000000071e+00
-9.400000000000000355e+00,1.199999999999999956e-01,-9.400000000000000355e+00,4.713000000000000256e+01,-3.490000000000000213e+00,1.500000000000000000e+00
-9.300000000000000711e+00,1.000000000000000021e-02,-9.300000000000000711e+00,3.525999999999999801e+01,-1.050000000000000044e+00,1.000000000000000021e-02
-9.449999999999999289e+00,2.999999999999999889e-02,-9.449999999999999289e+00,3.564000000000000057e+01,-1.799999999999999933e-01,1.799999999999999933e-01
-9.339999999999999858e+00,-2.000000000000000042e-02,-9.339999999999999858e+00,3.532000000000000028e+01,5.799999999999999600e-01,3.699999999999999956e-01
-9.390000000000000568e+00,-4.000000000000000083e-02,-9.390000000000000568e+00,3.650000000000000000e+01,-9.200000000000000400e-01,4.099999999999999756e-01
-9.359999999999999432e+00,4.000000000000000083e-02,-9.359999999999999432e+00,3.900999999999999801e+01,2.490000000000000213e+00,8.599999999999999867e-01
-9.240000000000000213e+00,-1.600000000000000033e-01,-9.240000000000000213e+00,3.802000000000000313e+01,-7.790000000000000036e+00,-6.800000000000000488e-01
-9.400000000000000355e+00,-8.000000000000000167e-02,-9.400000000000000355e+00,3.518999999999999773e+01,-5.600000000000000533e-01,2.099999999999999922e-01
-9.349999999999999645e+00,1.000000000000000021e-02,-9.349999999999999645e+00,3.503999999999999915e+01,3.200000000000000067e-01,2.700000000000000178e-01
-9.410000000000000142e+00,-7.000000000000000666e-02,-9.410000000000000142e+00,3.502000000000000313e+01,1.000000000000000021e-02,3.699999999999999956e-01
-9.410000000000000142e+00,-2.999999999999999889e-02,-9.410000000000000142e+00,3.503999999999999915e+01,2.000000000000000042e-02,3.400000000000000244e-01
-9.349999999999999645e+00,-2.000000000000000042e-02,-9.349999999999999645e+00,3.507999999999999829e+01,-2.000000000000000042e-02,2.600000000000000089e-01
-9.369999999999999218e+00,-2.999999999999999889e-02,-9.369999999999999218e+00,3.513000000000000256e+01,-2.000000000000000042e-02,3.200000000000000067e-01
-9.380000000000000782e+00,-5.000000000000000278e-02,-9.380000000000000782e+00,3.493999999999999773e+01,-5.000000000000000278e-02,2.600000000000000089e-01
-9.330000000000000071e+00,2.999999999999999889e-02,-9.330000000000000071e+00,3.510000000000000142e+01,8.999999999999999667e-02,2.999999999999999889e-01
-9.419999999999999929e+00,0.000000000000000000e+00,-9.419999999999999929e+00,3.520000000000000284e+01,1.900000000000000022e-01,4.199999999999999845e-01
-9.359999999999999432e+00,-7.000000000000000666e-02,-9.359999999999999432e+00,3.507999999999999829e+01,1.100000000000000006e-01,4.699999999999999734e-01
-9.369999999999999218e+00,1.000000000000000021e-02,-9.369999999999999218e+00,3.521999999999999886e+01,8.999999999999999667e-02,4.000000000000000222e-01
-9.410000000000000142e+00,-5.000000000000000278e-02,-9.410000000000000142e+00,3.517999999999999972e+01,-4.000000000000000083e-02,3.099999999999999978e-01
-9.330000000000000071e+00,0.000000000000000000e+00,-9.330000000000000071e+00,3.528000000000000114e+01,1.000000000000000021e-02,3.800000000000000044e-01
-9.390000000000000568e+00,-5.999999999999999778e-02,-9.390000000000000568e+00,3.504999999999999716e+01,-1.000000000000000021e-02,3.200000000000000067e-01
-9.339999999999999858e+00,4.000000000000000083e-02,-9.339999999999999858e+00,3.509000000000000341e+01,-1.100000000000000006e-01,3.400000000000000244e-01
-9.359999999999999432e+00,-4.000000000000000083e-02,-9.359999999999999432e+00,3.506000000000000227e+01,1.000000000000000021e-02,4.299999999999999933e-01
-9.400000000000000355e+00,-0.000000000000000000e+00,-9.400000000000000355e+00,3.509000000000000341e+01,5.000000000000000278e-02,3.400000000000000244e-01
-9.310000000000000497e+00,-1.000000000000000021e-02,-9.310000000000000497e+00,3.492999999999999972e+01,7.000000000000000666e-02,2.099999999999999922e-01
-9.349999999999999645e+00,-5.000000000000000278e-02,-9.349999999999999645e+00,3.510000000000000142e+01,-7.000000000000000666e-02,4.000000000000000222e-01
-9.330000000000000071e+00,-2.000000000000000042e-02,-9.330000000000000071e+00,3.506000000000000227e+01,-8.000000000000000167e-02,2.099999999999999922e-01
-9.460000000000000853e+00,1.000000000000000021e-02,-9.460000000000000853e+00,3.502000000000000313e+01,1.000000000000000021e-02,2.700000000000000178e-01
-9.359999999999999432e+00,-2.000000000000000042e-02,-9.359999999999999432e+00,3.518999999999999773e+01,4.000000000000000083e-02,3.400000000000000244e-01
-9.369999999999999218e+00,-1.000000000000000021e-02,-9.369999999999999218e+00,3.515999999999999659e+01,1.300000000000000044e-01,2.899999999999999800e-01
-9.400000000000000355e+00,-5.999999999999999778e-02,-9.400000000000000355e+00,3.528999999999999915e+01,-5.999999999999999778e-02,3.099999999999999978e-01
-9.330000000000000071e+00,4.000000000000000083e-02,-9.330000000000000071e+00,3.517000000000000171e+01,4.000000000000000083e-02,4.500000000000000111e-01
-9.390000000000000568e+00,-1.000000000000000021e-02,-9.390000000000000568e+00,3.518999999999999773e+01,-2.000000000000000042e-02,1.799999999999999933e-01
-9.390000000000000568e+00,-7.000000000000000666e-02,-9.390000000000000568e+00,3.497999999999999687e+01,1.799999999999999933e-01,2.700000000000000178e-01
-9.359999999999999432e+00,-2.999999999999999889e-02,-9.359999999999999432e+00,3.507999999999999829e+01,0.000000000000000000e+00,3.499999999999999778e-01
-1.060999999999999943e+01,-2.099999999999999922e-01,-1.060999999999999943e+01,6.423000000000000398e+01,-1.486299999999999955e+02,8.660999999999999943e+01
-2.890000000000000124e+00,6.190000000000000391e+00,-2.890000000000000124e+00,2.392299999999999898e+02,-2.500000000000000000e+02,4.356000000000000227e+01
-1.770000000000000018e+00,9.980000000000000426e+00,-1.770000000000000018e+00,-1.926000000000000156e+01,2.499900000000000091e+02,2.027500000000000000e+02
-4.400000000000000022e-01,9.480000000000000426e+00,-4.400000000000000022e-01,2.167999999999999972e+01,1.402599999999999909e+02,5.109000000000000341e+01
-4.600000000000000200e-01,7.940000000000000391e+00,-4.600000000000000200e-01,7.045999999999999375e+01,-6.478000000000000114e+01,-2.967999999999999972e+01
-5.999999999999999778e-02,9.830000000000000071e+00,-5.999999999999999778e-02,4.049000000000000199e+01,1.030000000000000027e+00,5.999999999999999778e-02
1.400000000000000133e-01,9.769999999999999574e+00,1.400000000000000133e-01,3.840999999999999659e+01,5.620000000000000107e+00,4.000000000000000222e-01
2.300000000000000100e-01,9.869999999999999218e+00,2.300000000000000100e-01,1.785999999999999943e+01,-5.999999999999999778e-02,-1.219999999999999973e+00
3.900000000000000133e-01,9.820000000000000284e+00,3.900000000000000133e-01,3.554999999999999716e+01,-2.300000000000000100e-01,5.200000000000000178e-01
3.900000000000000133e-01,9.949999999999999289e+00,3.900000000000000133e-01,6.653000000000000114e+01,2.999999999999999889e-01,3.120000000000000107e+00
3.800000000000000044e-01,9.810000000000000497e+00,3.800000000000000044e-01,3.542000000000000171e+01,2.000000000000000111e-01,2.300000000000000100e-01
3.800000000000000044e-01,9.740000000000000213e+00,3.800000000000000044e-01,3.596000000000000085e+01,3.099999999999999978e-01,4.899999999999999911e-01
3.499999999999999778e-01,9.800000000000000711e+00,3.499999999999999778e-01,3.782999999999999829e+01,-1.499999999999999944e-01,5.600000000000000533e-01
4.000000000000000222e-01,9.820000000000000284e+00,4.000000000000000222e-01,4.427000000000000313e+01,-2.000000000000000042e-02,7.500000000000000000e-01
5.699999999999999512e-01,9.720000000000000639e+00,5.699999999999999512e-01,8.095999999999999375e+01,3.089999999999999858e+01,5.000000000000000000e-01
6.899999999999999467e-01,9.650000000000000355e+00,6.899999999999999467e-01,4.779999999999999716e+01,2.273999999999999844e+01,-2.939999999999999947e+00
6.600000000000000311e-01,9.609999999999999432e+00,6.600000000000000311e-01,4.529999999999999716e+01,2.862999999999999901e+01,-5.440000000000000391e+00
5.799999999999999600e-01,9.550000000000000711e+00,5.799999999999999600e-01,3.472999999999999687e+01,8.000000000000000167e-02,3.900000000000000133e-01
3.200000000000000067e-01,9.410000000000000142e+00,3.200000000000000067e-01,2.832000000000000028e+01,-2.441000000000000014e+01,5.290000000000000036e+00
-2.270000000000000018e+00,9.320000000000000284e+00,-2.270000000000000018e+00,-3.982999999999999829e+01,-1.816999999999999886e+02,7.980000000000000426e+00
3.099999999999999978e-01,8.390000000000000568e+00,3.099999999999999978e-01,-7.504999999999999716e+01,1.140699999999999932e+02,4.735999999999999943e+01
-1.149999999999999911e+00,8.660000000000000142e+00,-1.149999999999999911e+00,-9.165999999999999659e+01,-3.845000000000000284e+01,-3.232999999999999829e+01
2.300000000000000100e-01,6.500000000000000222e-01,2.300000000000000100e-01,-1.415399999999999920e+02,2.932999999999999829e+01,-3.578000000000000114e+01
-1.000000000000000056e-01,1.149999999999999911e+00,-1.000000000000000056e-01,4.310999999999999943e+01,1.073000000000000043e+01,-4.610000000000000142e+01
-3.099999999999999978e-01,-1.700000000000000122e-01,-3.099999999999999978e-01,3.521000000000000085e+01,-5.999999999999999778e-02,1.900000000000000022e-01
-3.200000000000000067e-01,-1.300000000000000044e-01,-3.200000000000000067e-01,3.496999999999999886e+01,-2.000000000000000042e-02,-3.099999999999999978e-01
-3.300000000000000155e-01,-1.100000000000000006e-01,-3.300000000000000155e-01,3.517000000000000171e+01,-1.100000000000000006e-01,4.000000000000000222e-01
-3.200000000000000067e-01,-1.400000000000000133e-01,-3.200000000000000067e-01,3.496999999999999886e+01,1.499999999999999944e-01,2.099999999999999922e-01
-2.800000000000000266e-01,-8.999999999999999667e-02,-2.800000000000000266e-01,3.520000000000000284e+01,1.799999999999999933e-01,1.400000000000000133e-01
-3.099999999999999978e-01,-1.000000000000000056e-01,-3.099999999999999978e-01,3.489000000000000057e+01,-2.999999999999999889e-02,-5.200000000000000178e-01
-3.300000000000000155e-01,-1.600000000000000033e-01,-3.300000000000000155e-01,3.510000000000000142e+01,-8.000000000000000167e-02,1.799999999999999933e-01
-3.400000000000000244e-01,-1.300000000000000044e-01,-3.400000000000000244e-01,3.521999999999999886e+01,0.000000000000000000e+00,2.000000000000000111e-01
-3.699999999999999956e-01,-2.099999999999999922e-01,-3.699999999999999956e-01,3.513000000000000256e+01,0.000000000000000000e+00,3.400000000000000244e-01
-3.099999999999999978e-01,-1.000000000000000056e-01,-3.099999999999999978e-01,3.514000000000000057e+01,5.000000000000000278e-02,2.899999999999999800e-01
-2.999999999999999889e-01,-1.400000000000000133e-01,-2.999999999999999889e-01,3.510999999999999943e+01,2.000000000000000042e-02,3.300000000000000155e-01
-3.300000000000000155e-01,-8.999999999999999667e-02,-3.300000000000000155e-01,3.495000000000000284e+01,-5.000000000000000278e-02,2.600000000000000089e-01
-2.800000000000000266e-01,-1.799999999999999933e-01,-2.800000000000000266e-01,3.521999999999999886e+01,-1.799999999999999933e-01,1.000000000000000056e-01
-2.700000000000000178e-01,-1.900000000000000022e-01,-2.700000000000000178e-01,3.510000000000000142e+01,-2.000000000000000042e-02,1.000000000000000056e-01
-2.700000000000000178e-01,-1.799999999999999933e-01,-2.700000000000000178e-01,3.522999999999999687e+01,-8.000000000000000167e-02,3.099999999999999978e-01
-3.599999999999999867e-01,-1.600000000000000033e-01,-3.599999999999999867e-01,3.522999999999999687e+01,-8.000000000000000167e-02,2.000000000000000111e-01
-3.099999999999999978e-01,-1.199999999999999956e-01,-3.099999999999999978e-01,3.504999999999999716e+01,8.000000000000000167e-02,3.400000000000000244e-01
-3.300000000000000155e-01,-1.799999999999999933e-01,-3.300000000000000155e-01,3.514999999999999858e+01,-5.999999999999999778e-02,3.099999999999999978e-01
-2.999999999999999889e-01,-1.300000000000000044e-01,-2.999999999999999889e-01,3.510000000000000142e+01,-7.000000000000000666e-02,3.599999999999999867e-01
-3.300000000000000155e-01,-1.700000000000000122e-01,-3.300000000000000155e-01,3.514000000000000057e+01,-4.000000000000000083e-02,2.600000000000000089e-01
-3.099999999999999978e-01,-1.499999999999999944e-01,-3.099999999999999978e-01,3.521999999999999886e+01,2.500000000000000000e-01,3.200000000000000067e-01
-3.200000000000000067e-01,-1.300000000000000044e-01,-3.200000000000000067e-01,3.499000000000000199e+01,8.000000000000000167e-02,2.099999999999999922e-01
-2.800000000000000266e-01,-1.600000000000000033e-01,-2.800000000000000266e-01,3.507999999999999829e+01,1.100000000000000006e-01,2.200000000000000011e-01
-2.500000000000000000e-01,-1.300000000000000044e-01,-2.500000000000000000e-01,3.507999999999999829e+01,5.000000000000000278e-02,2.300000000000000100e-01
-3.599999999999999867e-01,-1.700000000000000122e-01,-3.599999999999999867e-01,3.500999999999999801e+01,5.999999999999999778e-02,1.799999999999999933e-01
-3.099999999999999978e-01,-1.700000000000000122e-01,-3.099999999999999978e-01,3.495000000000000284e+01,1.000000000000000021e-02,3.200000000000000067e-01
-3.599999999999999867e-01,-1.100000000000000006e-01,-3.599999999999999867e-01,3.510000000000000142e+01,2.000000000000000042e-02,8.999999999999999667e-02
-3.499999999999999778e-01,-1.600000000000000033e-01,-3.499999999999999778e-01,3.521000000000000085e+01,-1.100000000000000006e-01,3.200000000000000067e-01
-2.999999999999999889e-01,-1.000000000000000056e-01,-2.999999999999999889e-01,3.515999999999999659e+01,-1.400000000000000133e-01,3.200000000000000067e-01
-3.200000000000000067e-01,-1.400000000000000133e-01,-3.200000000000000067e-01,3.527000000000000313e+01,-1.300000000000000044e-01,1.400000000000000133e-01
-2.600000000000000089e-01,-1.300000000000000044e-01,-2.600000000000000089e-01,3.528999999999999915e+01,-2.000000000000000042e-02,2.700000000000000178e-01
-3.300000000000000155e-01,-1.400000000000000133e-01,-3.300000000000000155e-01,3.517999999999999972e+01,2.999999999999999889e-02,2.700000000000000178e-01
-2.999999999999999889e-01,-1.700000000000000122e-01,-2.999999999999999889e-01,3.506000000000000227e+01,5.000000000000000278e-02,3.699999999999999956e-01
-3.599999999999999867e-01,-1.100000000000000006e-01,-3.599999999999999867e-01,3.520000000000000284e+01,1.100000000000000006e-01,3.900000000000000133e-01
-3.099999999999999978e-01,-1.400000000000000133e-01,-3.099999999999999978e-01,3.509000000000000341e+01,4.000000000000000083e-02,4.000000000000000222e-01
-3.699999999999999956e-01,-1.100000000000000006e-01,-3.699999999999999956e-01,3.502000000000000313e+01,8.999999999999999667e-02,3.300000000000000155e-01
-3.099999999999999978e-01,-1.499999999999999944e-01,-3.099999999999999978e-01,3.486999999999999744e+01,-8.999999999999999667e-02,3.400000000000000244e-01
-3.400000000000000244e-01,-1.300000000000000044e-01,-3.400000000000000244e-01,3.509000000000000341e+01,2.000000000000000042e-02,4.000000000000000222e-01
-3.300000000000000155e-01,-1.199999999999999956e-01,-3.300000000000000155e-01,3.504999999999999716e+01,-8.000000000000000167e-02,1.400000000000000133e-01
-2.899999999999999800e-01,-1.600000000000000033e-01,-2.899999999999999800e-01,3.514000000000000057e+01,-2.999999999999999889e-02,4.500000000000000111e-01
-3.800000000000000044e-01,-1.199999999999999956e-01,-3.800000000000000044e-01,3.496999999999999886e+01,-4.000000000000000083e-02,2.700000000000000178e-01
-2.899999999999999800e-01,-8.999999999999999667e-02,-2.899999999999999800e-01,3.509000000000000341e+01,1.000000000000000021e-02,3.599999999999999867e-01
